=== page 1
1-1 EX予約サービス 発売額（単位:円）
■普通車指定席／G特典（のぞみ・みずほ号ご利用時）:おとな1名片道
東京
現行 1,930
品川 品川
改定 2,400
現行 2,270 2,180
新横浜 新横浜
改定 2,730 2,640
現行 10,310 10,310 9,650
名古屋 名古屋
改定 10,880 10,880 10,220
現行 13,070 13,070 12,400 4,910
京都 京都
改定 13,680 13,680 13,050 5,600
現行 13,620 13,620 13,290 5,680 2,330
新大阪 新大阪
改定 14,230 14,230 13,900 6,370 2,810
現行 14,170 14,170 13,840 7,070 2,860 2,410
新神戸 新神戸
改定 15,110 15,110 14,780 8,060 3,560 3,000
現行 14,890 14,890 14,370 7,510 3,370 2,700 2,160
西明石 西明石
改定 15,830 15,830 15,210 8,600 4,070 3,290 2,750
現行 15,190 15,190 14,970 7,970 4,840 3,280 2,750
姫路 改定 16,050 16,050 15,830 8,930 5,490 3,860 3,330
姫路
現行 16,300 16,300 15,970 10,380 7,090 5,610 5,170 4,840 3,280
岡山 岡山
改定 17,220 17,220 16,890 11,200 7,730 6,150 5,710 5,380 3,860
現行 16,630 16,630 16,630 11,680 8,190 7,370 7,140 5,170 2,750
福山 改定 17,760 17,760 17,760 12,620 9,080 8,200 7,870 5,710 3,330
現行 17,990 17,990 17,660 13,060 10,720 9,740 9,570 福山
7,860 5,610 4,510
広島 改定 19,180 19,180 18,850 14,320 11,560 10,570 10,350 8,640 6,150 5,050
現行 19,230 19,230 18,870 14,450 12,270 11,620 10,720 広島
10,170 7,910 5,940 3,450
徳山 改定 20,570 20,570 20,240 16,140 13,320 12,590 11,450 10,900 8,640 6,480 4,030
現行 20,090 20,090 19,530 14,670 12,970 12,170 12,050 徳山
10,720 8,570 7,910 4,840 2,530
改定 21,430 21,430 20,900 16,360 14,210 13,210 12,990 11,450 9,300 8,640 5,380 3,110
現行 21,060 21,060 20,580 15,810 14,420 13,720 13,490 新山口
12,270 10,500 9,840 7,090 4,840 3,280
小倉
改定 22,500 22,500 21,980 17,530 15,470 14,760 14,430 13,210 11,230 10,570 7,830 5,380 3,860
現行 21,720 21,720 21,390 16,960 15,360 14,600 14,370 13,490 12,050 10,720 8,520 5,940 5,170 2,930
博多
新山口 小倉 博多 ※東海道・山陽新幹線の全区間にて「のぞみ」「みずほ」を利用した場合の発売額です。改定額は、新幹線を乗り継ぐ予約で、一部区間のみ「のぞみ」「みずほ」をご利用の場合に、記載の発売額と異なる場合があります。
※改定額は通常期にご利用の場合の発売額です。閑散期にご利用の場合は200円引き、繁忙期にご利用の場合は200円を加算、最繁忙期にご利用の場合は400円を加算します（東海道・山陽新幹線区間のみ）。
※上記の改定額は予定です。今後変更となる可能性がございます。
改定 23,160 23,160 22,830 18,730 16,410 15,640 15,310 14,430 12,990 11,450 9,300 6,480 5,710 3,510
=== page 2
1-1 EX予約サービス 発売額（単位:円）
■普通車指定席／G特典（のぞみ・みずほ号ご利用時）:こども1名片道
東京
現行 960
品川 品川
改定 1,200
現行 1,130 1,090
新横浜 新横浜
改定 1,360 1,320
現行 5,150 5,150 4,820
名古屋 名古屋
改定 5,440 5,440 5,110
現行 6,530 6,530 6,190 2,450
京都 京都
改定 6,840 6,840 6,520 2,800
現行 6,800 6,800 6,640 2,830 1,160
新大阪 新大阪
改定 7,110 7,110 6,950 3,180 1,400
現行 7,080 7,080 6,910 3,530 1,430 1,200
新神戸 新神戸
改定 7,550 7,550 7,380 4,020 1,770 1,500
現行 7,440 7,440 7,180 3,750 1,680 1,350 1,080
西明石
西明石
改定 7,910 7,910 7,600 4,290 2,030 1,640 1,370
現行 7,590 7,590 7,480 3,980 2,410 1,640 1,370
姫路 福山 改定 8,020 8,020 7,910 4,460 2,740 1,930 1,660
姫路
現行 8,140 8,140 7,980 5,190 3,540 2,800 2,580 2,410 1,640
岡山 岡山
改定 8,600 8,600 8,440 5,600 3,860 3,070 2,850 2,680 1,930
現行 8,310 8,310 8,310 5,830 4,090 3,680 3,570 2,580 1,370
改定 8,880 8,880 8,880 6,300 4,540 4,090 3,930 2,850 1,660
現行 8,990 8,990 8,820 6,520 5,350 4,870 4,780 福山
3,930 2,800 2,250
広島 改定 9,590 9,590 9,420 7,160 5,780 5,280 5,170 4,310 3,070 2,520
現行 9,610 9,610 9,430 7,220 6,130 5,800 5,360 徳山 改定 10,280 10,280 10,110 8,060 6,660 6,290 5,720 現行 10,040 10,040 9,760 7,330 6,480 6,080 6,020 広島
5,080 3,950 2,960 1,720
徳山
5,360 4,280 3,950 2,410 1,260
5,440 4,310 3,230 2,010
改定 10,710 10,710 10,440 8,170 7,100 6,600 6,490 現行 10,530 10,530 10,290 7,900 7,210 6,850 6,740 改定 11,250 11,250 10,990 8,760 7,730 7,370 7,210 新山口
5,720 4,640 4,310 2,680 1,550
6,130 5,250 4,920 3,540 2,410 1,640
小倉
6,740 6,020 5,360 4,260 2,960 2,580 1,460
6,600 5,610 5,280 3,910 2,680 1,930
現行 10,860 10,860 10,690 8,470 7,670 7,290 7,180 博多
新山口 小倉 博多 ※東海道・山陽新幹線の全区間にて「のぞみ」「みずほ」を利用した場合の発売額です。改定額は、新幹線を乗り継ぐ予約で、一部区間のみ「のぞみ」「みずほ」をご利用の場合に、記載の発売額と異なる場合があります。
※改定額は通常期にご利用の場合の発売額です。閑散期にご利用の場合は100円引き、繁忙期にご利用の場合は100円を加算、最繁忙期にご利用の場合は200円を加算します（東海道・山陽新幹線区間のみ）。
※上記の改定額は予定です。今後変更となる可能性がございます。
改定 11,580 11,580 11,410 9,360 8,200 7,810 7,650 7,210 6,490 5,720 4,640 3,230 2,850 1,750
=== page 3
1-1 EX予約サービス 発売額（単位:円）
■グリーン車用（のぞみ・みずほ号ご利用時）:おとな1名片道
東京
現行 2,690
品川 品川
改定 3,170
現行 3,030 2,940
新横浜 新横浜
改定 3,500 3,410
現行 13,970 13,970 13,310
名古屋 名古屋
改定 14,540 14,540 13,880
現行 17,930 17,930 17,260 7,170
京都 京都
改定 18,550 18,550 17,920 7,870
現行 18,480 18,480 18,150 7,940 3,090
新大阪 新大阪
改定 19,100 19,100 18,770 8,640 3,580
現行 19,030 19,030 18,700 10,730 3,620 3,170
新神戸 新神戸
改定 19,980 19,980 19,650 11,720 4,330 3,770
現行 20,960 20,960 19,230 11,170 4,130 3,460 2,920
西明石
西明石
改定 21,900 21,900 20,080 12,260 4,840 4,060 3,520
現行 21,260 21,260 21,040 11,630 7,100 4,040 3,510
姫路 福山 広島 徳山 改定 22,120 22,120 21,900 12,590 7,760 4,630 4,100
姫路
現行 22,370 22,370 22,040 14,040 10,750 7,870 7,430 7,100 4,040
岡山 岡山
改定 23,290 23,290 22,960 14,860 11,390 8,420 7,980 7,650 4,630
現行 22,700 22,700 22,700 16,540 11,850 11,030 10,800 7,430 3,510
改定 23,830 23,830 23,830 17,490 12,740 11,860 11,530 7,980 4,100
現行 24,590 24,590 24,260 17,920 14,380 13,400 13,230 福山
11,520 7,870 6,770
改定 26,440 26,440 26,110 19,190 15,220 14,230 14,010 12,300 8,420 7,320
現行 25,830 25,830 25,470 19,850 16,970 16,320 14,380 改定 27,830 27,830 27,500 22,210 18,190 17,460 15,110 14,560 12,300 8,750 4,800
現行 26,690 26,690 26,130 20,070 17,670 16,870 16,570 広島
13,830 11,570 8,200 4,210
徳山
14,380 12,230 11,570 7,100 3,290
改定 28,690 28,690 28,160 22,430 19,080 18,080 17,860 現行 27,660 27,660 27,180 21,210 19,120 18,420 18,010 改定 29,760 29,760 29,240 23,600 20,340 19,630 19,300 新山口
15,110 12,960 12,300 7,650 3,880
16,790 14,160 13,500 10,750 7,100 4,040
小倉
18,010 16,570 14,380 12,180 8,200 7,430 3,690
18,080 14,890 14,230 11,490 7,650 4,630
現行 28,320 28,320 27,990 23,560 20,760 20,000 18,890 博多
改定 30,420 30,420 30,090 25,990 22,480 21,710 20,180 19,300 17,860 15,110 12,960 8,750 7,980 4,280
新山口 小倉 博多 ※東海道・山陽新幹線の全区間にて「のぞみ」「みずほ」を利用した場合の発売額です。改定額は、新幹線を乗り継ぐ予約で、一部区間のみ「のぞみ」「みずほ」をご利用の場合に、記載の発売額と異なる場合があります。
※改定額は通常期にご利用の場合の発売額です。閑散期にご利用の場合は200円引き、繁忙期にご利用の場合は200円を加算、最繁忙期にご利用の場合は400円を加算します（東海道・山陽新幹線区間のみ）。
※全区間グリーン車を利用した場合の発売額です。新幹線を乗り継ぐ予約で、一部区間のみグリーン車をご利用の場合は、記載の発売額と異なる場合があります。
※上記の改定額は予定です。今後変更となる可能性がございます。
=== page 4
1-1 EX予約サービス 発売額（単位:円）
■グリーン車用（のぞみ・みずほ号ご利用時）:こども1名片道
東京
現行 1,720
品川 品川
改定 1,970
現行 1,890 1,850
新横浜 新横浜
改定 2,130 2,090
現行 8,810 8,810 8,480
名古屋 名古屋
改定 9,100 9,100 8,770
現行 11,390 11,390 11,050 4,710
京都 京都
改定 11,710 11,710 11,390 5,070
現行 11,660 11,660 11,500 5,090 1,920
新大阪 新大阪
改定 11,980 11,980 11,820 5,450 2,170
現行 11,940 11,940 11,770 7,190 2,190 1,960
新神戸 新神戸
改定 12,420 12,420 12,250 7,680 2,540 2,270
現行 13,510 13,510 12,040 7,410 2,440 2,110 1,840
西明石
西明石
改定 13,980 13,980 12,470 7,950 2,800 2,410 2,140
現行 13,660 13,660 13,550 7,640 4,670 2,400 2,130
姫路 福山 広島 徳山 改定 14,090 14,090 13,980 8,120 5,010 2,700 2,430
姫路
現行 14,210 14,210 14,050 8,850 7,200 5,060 4,840 4,670 2,400
岡山 岡山
改定 14,670 14,670 14,510 9,260 7,520 5,340 5,120 4,950 2,700
現行 14,380 14,380 14,380 10,690 7,750 7,340 7,230 4,840 2,130
改定 14,950 14,950 14,950 11,170 8,200 7,750 7,590 5,120 2,430
現行 15,590 15,590 15,420 11,380 9,010 8,530 8,440 福山
7,590 5,060 4,510
改定 16,850 16,850 16,680 12,030 9,440 8,940 8,830 7,970 5,340 4,790
現行 16,210 16,210 16,030 12,620 10,830 10,500 9,020 改定 17,540 17,540 17,370 14,130 11,530 11,160 9,380 現行 16,640 16,640 16,360 12,730 11,180 10,780 10,540 広島
8,740 7,610 5,220 2,480
徳山
9,020 7,940 7,610 4,670 2,020
9,100 7,970 5,500 2,780
改定 17,970 17,970 17,700 14,240 11,970 11,470 11,360 現行 17,130 17,130 16,890 13,300 11,910 11,550 11,260 改定 18,510 18,510 18,250 14,830 12,600 12,240 12,080 11,470 9,270 8,940 7,570 4,950 2,700
現行 17,460 17,460 17,290 15,070 13,070 12,690 11,700 新山口
9,380 8,300 7,970 4,950 2,320
10,650 8,910 8,580 7,200 4,670 2,400
小倉
11,260 10,540 9,020 7,920 5,220 4,840 2,220
博多
改定 18,840 18,840 18,670 16,620 14,270 13,880 12,520 12,080 11,360 9,380 8,300 5,500 5,120 2,520
新山口 小倉 博多 ※東海道・山陽新幹線の全区間にて「のぞみ」「みずほ」を利用した場合の発売額です。改定額は、新幹線を乗り継ぐ予約で、一部区間のみ「のぞみ」「みずほ」をご利用の場合に、記載の発売額と異なる場合があります。
※改定額は通常期にご利用の場合の発売額です。閑散期にご利用の場合は100円引き、繁忙期にご利用の場合は100円を加算、最繁忙期にご利用の場合は200円を加算します（東海道・山陽新幹線区間のみ）。
※全区間グリーン車を利用した場合の発売額です。新幹線を乗り継ぐ予約で、一部区間のみグリーン車をご利用の場合は、記載の発売額と異なる場合があります。
※上記の改定額は予定です。今後変更となる可能性がございます。
=== page 5
1-2 EX予約サービス 発売額（単位:円）
■普通車指定席／G特典（ひかり・こだま・さくら・つばめ号ご利用時）:おとな1名片道
東京
現行 1,930
品川 品川
改定 2,190
改定 8,770 8,770 8,440 7,340 6,160 5,830 5,390 4,730 3,190 2,700
現行 2,270 2,180
新横浜 新横浜
改定 2,520 2,430
現行 3,280 3,100 2,750
小田原 小田原
改定 3,540 3,360 3,010
現行 3,540 3,540 3,100 2,180
熱海 熱海
改定 4,000 4,000 3,360 2,440
現行 3,870 3,870 3,450 2,440 2,090
三島 三島
改定 4,330 4,330 3,710 2,700 2,350
現行 4,970 4,970 4,510 2,930 2,530 2,270
新富士 新富士
改定 5,390 5,390 4,730 3,190 2,790 2,530
現行 5,740 5,740 5,170 3,450 3,100 2,750 2,350
静岡 静岡
改定 6,160 6,160 5,390 3,710 3,360 3,010 2,610
現行 7,270 7,270 6,940 5,170 4,840 4,510 3,280 2,620
掛川 掛川
改定 7,630 7,630 7,300 5,390 5,060 4,730 3,540 2,880
現行 7,710 7,710 7,270 5,610 5,170 4,840 4,510 3,100 2,270
浜松 浜松
改定 8,070 8,070 7,630 5,830 5,390 5,060 4,730 3,360 2,530
現行 8,370 8,370 8,040 7,140 5,940 5,610 5,170 4,510 2,930 2,440
豊橋
豊橋
現行 9,650 9,650 9,430 7,910 7,470 7,140 5,940 5,170 4,510 3,100 2,530
三河安城 三河安城
改定 10,010 10,010 9,790 8,110 7,670 7,340 6,160 5,390 4,730 3,360 2,790
現行 10,310 10,310 9,650 8,370 8,040 7,710 6,940 5,940 4,840 4,510 3,100 2,240
名古屋 名古屋
改定 10,670 10,670 10,010 8,770 8,440 8,110 7,300 6,160 5,060 4,730 3,360 2,500
現行 10,530 10,530 10,310 9,630 8,570 8,240 7,910 7,140 5,610 4,840 4,510 2,750 2,350
岐阜羽島 岐阜羽島
改定 10,930 10,930 10,710 9,830 8,770 8,440 8,110 7,340 5,830 5,060 4,730 3,010 2,610
現行 11,430 11,430 10,880 10,510 10,180 9,850 8,570 8,240 7,140 5,940 5,170 4,510 3,100 2,620
米原 米原
改定 12,180 12,180 11,630 10,710 10,380 10,050 8,770 8,440 7,340 6,160 5,390 4,730 3,360 2,880
現行 13,070 13,070 12,400 11,520 11,300 10,530 10,310 9,650 8,370 7,710 6,940 5,610 4,910 4,250 2,930
京都 京都
改定 13,360 13,360 12,730 11,850 11,630 10,930 10,670 10,010 8,770 8,070 7,300 5,830 5,390 4,730 3,190
現行 13,620 13,620 13,290 12,070 11,850 11,520 11,300 10,310 9,650 8,370 8,040 7,270 5,680 4,910 4,250 2,330
新大阪 新大阪
改定 13,910 13,910 13,580 12,400 12,180 11,850 11,630 10,670 10,010 8,730 8,400 7,630 6,160 5,390 4,730 2,600
現行 14,170 14,170 13,840 13,270 12,600 12,270 12,050 11,140 10,510 9,720 8,570 7,910 7,070 5,940 5,170 2,860 2,410
新神戸 新神戸
改定 14,570 14,570 14,240 13,470 12,800 12,470 12,250 11,630 10,710 10,010 8,770 8,110 7,630 6,160 5,390 3,130 2,680
現行 14,890 14,890 14,370 13,490 13,270 12,600 12,270 11,360 10,730 10,050 9,500 8,240 7,510 6,740 5,610 3,370 2,700 2,160
西明石 西明石
改定 15,190 15,190 14,570 13,690 13,470 12,800 12,470 11,850 10,930 10,340 9,790 8,440 8,070 7,300 5,830 3,640 2,970 2,430
現行 15,190 15,190 14,970 14,040 13,490 13,490 12,600 11,910 11,140 10,600 10,050 9,500 7,970 7,640 5,940 4,840 3,280 2,750 2,350
姫路 姫路
改定 15,410 15,410 15,190 14,240 13,690 13,690 12,800 12,400 11,630 10,890 10,340 9,790 8,400 8,070 6,160 5,060 3,540 3,010 2,610
現行 15,190 15,190 14,970 14,370 14,040 13,820 13,270 12,240 11,360 10,930 10,380 9,720 8,570 8,240 7,140 5,170 4,510 3,100 2,750 2,180
相生 相生
改定 15,410 15,410 15,190 14,570 14,240 14,020 13,470 12,730 11,850 11,630 10,670 10,010 8,770 8,440 7,340 5,390 4,730 3,360 3,010 2,440
現行 16,300 16,300 15,970 15,360 15,140 15,140 14,370 13,120 12,570 11,700 11,150 10,600 10,380 9,720 8,570 7,090 5,610 5,170 4,840 3,280 2,930
岡山 岡山
改定 16,580 16,580 16,250 15,560 15,340 15,340 14,570 13,910 13,360 12,400 11,850 10,890 10,670 10,010 8,770 7,300 5,830 5,390 5,060 3,540 3,190
現行 16,300 16,300 16,300 15,360 15,360 15,140 15,140 14,040 13,490 12,890 12,230 11,680 10,730 10,510 9,630 7,860 7,040 5,610 5,170 4,510 3,450 2,270
新倉敷 新倉敷
改定 16,580 16,580 16,580 15,560 15,560 15,340 15,340 14,240 13,690 13,360 12,430 11,880 10,930 10,710 9,830 8,070 7,300 5,830 5,390 4,730 3,710 2,530
現行 16,630 16,630 16,630 15,970 15,690 15,360 15,360 14,780 14,040 13,110 12,560 12,010 11,680 10,730 10,180 8,190 7,370 7,140 5,610 5,170 4,840 2,750 2,350
福山 福山
改定 16,910 16,910 16,910 16,250 15,890 15,560 15,560 15,190 14,240 13,580 12,760 12,210 11,880 10,930 10,380 8,440 7,670 7,340 5,830 5,390 5,060 3,010 2,610
現行 17,440 17,440 16,890 16,560 16,230 15,690 15,360 14,780 14,370 13,440 12,890 12,230 12,010 11,460 10,510 8,520 7,810 7,470 5,940 5,610 5,170 3,100 2,750 2,180
新尾道 新尾道
改定 17,780 17,780 17,090 16,760 16,430 15,890 15,560 15,190 14,570 13,910 13,360 12,430 12,210 11,660 10,710 8,770 8,110 7,670 6,160 5,830 5,390 3,360 3,010 2,440
現行 17,440 17,440 16,890 16,560 16,230 16,230 15,360 15,000 14,370 13,660 13,110 12,560 12,010 11,680 10,510 9,230 8,140 7,470 7,140 5,610 5,170 3,280 2,930 2,350 2,000
三原 三原
改定 17,780 17,780 17,090 16,760 16,430 16,430 15,560 15,410 14,570 14,130 13,580 12,760 12,210 11,880 10,710 9,790 8,440 7,670 7,340 5,830 5,390 3,540 3,190 2,610 2,260
現行 17,660 17,660 17,440 16,890 16,560 16,560 16,230 15,330 14,780 14,320 13,660 13,110 12,560 12,230 11,460 10,170 9,520 8,240 7,910 7,140 5,940 4,840 4,510 3,100 2,750 2,440
東広島 東広島
改定 18,000 18,000 17,780 17,090 16,760 16,760 16,430 15,740 15,190 15,190 14,130 13,580 12,760 12,430 11,660 10,370 9,820 8,440 8,110 7,340 6,160 5,060 4,730 3,360 3,010 2,700
現行 17,990 17,990 17,660 17,440 16,890 16,890 16,560 15,330 15,000 14,320 14,320 13,440 13,060 12,560 12,010 10,720 9,740 9,570 8,520 7,860 7,420 5,610 4,840 4,510 3,280 3,100 2,350
広島 広島
改定 18,330 18,330 18,000 17,780 17,090 17,090 16,760 16,250 15,410 15,190 15,190 13,910 13,580 12,760 12,210 10,920 10,040 9,820 8,770 8,110 7,670 5,830 5,060 4,730 3,540 3,360 2,610
現行 18,900 18,900 18,540 18,010 17,790 17,790 16,890 16,560 16,230 15,360 15,360 14,370 13,790 13,240 12,600 11,670 10,400 10,170 9,840 8,570 8,240 7,140 5,610 5,170 4,840 4,510 3,100 2,530
新岩国 新岩国
改定 19,180 19,180 18,850 18,210 17,990 17,990 17,090 16,760 16,430 15,560 15,560 14,570 14,130 13,580 12,800 11,870 10,700 10,370 10,040 8,770 8,440 7,340 5,830 5,390 5,060 4,730 3,360 2,790
現行 19,230 19,230 18,870 18,340 18,340 18,010 18,010 17,790 16,560 16,560 15,690 15,360 14,450 14,120 13,570 12,270 11,620 10,720 10,500 10,170 9,840 7,910 7,470 5,940 5,610 5,610 4,840 3,450 2,750
徳山 徳山
改定 19,510 19,510 19,180 18,540 18,540 18,210 18,210 17,990 16,760 16,760 15,890 15,560 15,190 14,460 13,910 12,470 11,850 10,920 10,700 10,370 10,040 8,110 7,670 6,160 5,830 5,830 5,060 3,710 3,010
現行 20,090 20,090 19,530 18,870 18,870 18,540 18,340 18,010 17,220 16,890 16,560 15,690 14,670 14,450 14,120 12,970 12,170 12,050 11,500 10,720 10,500 8,570 8,240 7,910 7,470 7,140 5,610 4,840 3,450 2,530
新山口 新山口
改定 20,370 20,370 19,840 19,180 19,180 18,850 18,540 18,210 17,420 17,090 16,760 15,890 15,410 15,190 14,460 13,360 12,470 12,250 11,700 10,920 10,700 8,770 8,440 8,110 7,670 7,340 5,830 5,060 3,710 2,790
現行 20,760 20,760 20,030 19,540 19,540 19,210 19,210 18,340 17,790 17,790 16,890 16,560 15,480 15,150 14,930 13,820 13,170 12,270 12,050 11,720 11,050 9,840 9,620 8,240 7,910 7,910 6,270 5,610 4,840 3,100 2,440
厚狭 厚狭
改定 20,960 20,960 20,370 19,740 19,740 19,410 19,410 18,540 17,990 17,990 17,090 16,760 15,740 15,410 15,190 14,020 13,370 12,470 12,250 11,920 11,250 10,040 9,820 8,440 8,110 8,110 6,490 5,830 5,060 3,360 2,700
現行 20,980 20,980 20,360 20,030 19,540 19,540 19,210 18,880 18,010 17,790 16,890 16,560 15,810 15,480 15,150 14,040 13,390 12,930 12,600 12,050 11,720 10,500 9,840 8,900 8,570 8,240 7,470 5,940 5,170 4,510 2,930 2,270
新下関 新下関
改定 21,180 21,180 20,700 20,370 19,740 19,740 19,410 19,080 18,210 17,990 17,090 16,760 16,580 15,740 15,410 14,240 13,590 13,130 12,800 12,250 11,920 10,700 10,040 9,100 8,770 8,440 7,670 6,160 5,390 4,730 3,190 2,530
現行 21,060 21,060 20,580 20,030 20,030 19,540 19,540 19,210 18,340 18,010 17,790 16,890 15,810 15,480 15,150 14,420 13,720 13,490 12,600 12,270 12,050 10,500 10,170 9,840 8,900 8,570 7,910 7,090 5,610 4,840 3,280 2,620 2,090
小倉 小倉
改定 21,440 21,440 20,920 20,370 20,370 19,740 19,740 19,410 18,540 18,210 17,990 17,090 16,580 16,250 15,410 14,620 14,020 13,690 12,800 12,470 12,250 10,700 10,370 10,040 9,100 8,770 8,110 7,300 5,830 5,060 3,540 2,880 2,350
現行 21,720 21,720 21,390 20,980 20,760 20,760 20,430 19,540 19,210 19,210 18,340 18,010 16,960 16,630 16,300 15,360 14,600 14,370 14,040 13,490 13,270 12,050 11,720 10,720 10,500 10,170 9,620 8,520 7,910 5,940 5,170 4,510 3,280 2,930
博多 博多
改定 22,100 22,100 21,770 21,180 20,960 20,960 20,630 19,740 19,410 19,410 18,540 18,210 17,780 16,910 16,580 15,560 14,900 14,570 14,240 13,690 13,470 12,250 11,920 10,920 10,700 10,370 9,820 8,770 8,110 6,160 5,390 4,730 3,540 3,190
現行 22,980 22,980 22,650 22,240 21,910 21,910 21,690 20,800 20,470 20,140 19,270 18,940 18,110 17,890 17,560 16,620 15,850 15,630 15,300 14,970 14,750 13,200 12,980 11,980 11,650 11,650 11,100 9,830 9,170 7,530 6,540 6,100 4,670 3,610 1,830
新鳥栖
新鳥栖
改定 23,360 23,360 23,030 22,440 22,110 22,110 21,890 21,000 20,670 20,340 19,470 19,140 18,930 18,170 17,840 16,820 16,050 15,830 15,500 15,170 14,950 13,400 13,180 12,180 11,850 11,850 11,300 10,030 9,370 7,730 6,740 6,300 4,870 3,810 1,830
現行 23,000 23,000 22,670 22,260 21,930 21,930 21,710 20,820 20,490 20,160 19,620 18,960 18,130 17,910 17,580 16,640 15,870 15,650 15,650 14,990 14,770 13,550 13,000 12,220 12,000 11,670 11,120 10,070 9,190 7,550 6,890 6,120 5,020 3,920 2,020 1,490
久留米
久留米
改定 23,380 23,380 23,050 22,460 22,130 22,130 21,910 21,020 20,690 20,360 19,820 19,160 18,950 18,190 17,860 16,840 16,070 15,850 15,850 15,190 14,970 13,750 13,200 12,420 12,200 11,870 11,320 10,270 9,390 7,750 7,090 6,320 5,220 4,120 2,020 1,490
現行 23,450 23,450 23,450 22,710 22,710 22,380 22,380 21,600 21,270 20,940 20,070 19,740 18,580 18,360 18,030 17,090 16,320 16,320 16,100 15,770 15,440 14,000 13,670 12,670 12,450 12,450 11,900 10,520 9,970 8,440 7,340 7,010 5,470 4,370 2,390 1,740 1,640
筑後船小屋
筑後船小屋
改定 23,830 23,830 23,830 22,910 22,910 22,580 22,580 21,800 21,470 21,140 20,270 19,940 19,400 18,640 18,310 17,290 16,520 16,520 16,300 15,970 15,640 14,200 13,870 12,870 12,650 12,650 12,100 10,720 10,170 8,640 7,540 7,210 5,670 4,570 2,390 1,740 1,640
現行 24,280 24,280 23,950 23,540 23,210 23,210 22,880 22,100 21,770 21,440 20,570 20,240 19,410 19,080 18,860 17,920 17,150 16,820 16,600 16,600 16,270 14,830 14,500 13,500 13,170 13,170 12,620 11,350 10,800 9,270 8,170 7,840 6,300 5,200 3,070 2,120 1,920 1,640
新大牟田
新大牟田
改定 24,660 24,660 24,330 23,740 23,410 23,410 23,080 22,300 21,970 21,640 20,770 20,440 20,230 19,360 19,140 18,120 17,350 17,020 16,800 16,800 16,470 15,030 14,700 13,700 13,370 13,370 12,820 11,550 11,000 9,470 8,370 8,040 6,500 5,400 3,070 2,120 1,920 1,640
現行 24,300 24,300 24,300 23,560 23,560 23,230 23,230 22,340 22,120 21,790 20,920 20,590 19,430 19,100 18,880 17,940 17,170 17,170 16,840 16,620 16,620 15,070 14,850 13,740 13,520 13,520 12,970 11,700 11,040 9,620 8,520 8,190 6,760 5,550 3,610 3,070 2,890 2,020 1,740
新玉名
新玉名
改定 24,680 24,680 24,680 23,760 23,760 23,430 23,430 22,540 22,320 21,990 21,120 20,790 20,250 19,380 19,160 18,140 17,370 17,370 17,040 16,820 16,820 15,270 15,050 13,940 13,720 13,720 13,170 11,900 11,240 9,820 8,720 8,390 6,960 5,750 3,610 3,070 2,890 2,020 1,740
現行 25,430 25,430 25,100 24,690 24,360 24,360 24,030 23,140 22,920 22,920 22,050 21,720 20,560 20,230 19,900 19,070 18,300 17,970 17,970 17,640 17,420 16,420 15,870 15,200 14,870 14,540 13,990 13,050 12,500 10,750 10,090 9,320 8,220 7,120 4,700 3,440 3,440 3,070 2,210 1,830
熊本
熊本
改定 25,810 25,810 25,480 24,890 24,560 24,560 24,230 23,340 23,120 23,120 22,250 21,920 21,380 20,510 20,180 19,270 18,500 18,170 18,170 17,840 17,620 16,620 16,070 15,400 15,070 14,740 14,190 13,250 12,700 10,950 10,290 9,520 8,420 7,320 4,700 3,440 3,440 3,070 2,210 1,830
現行 25,680 25,680 25,460 25,050 24,720 24,720 24,390 23,500 23,170 22,950 22,080 21,750 20,920 20,590 20,260 19,430 18,660 18,330 18,000 18,000 17,670 16,780 16,450 15,450 15,230 15,230 14,570 13,300 12,750 11,330 10,450 10,120 8,580 7,480 5,390 5,060 4,700 3,610 3,440 3,070 1,920
新八代
新八代
改定 26,060 26,060 25,840 25,250 24,920 24,920 24,590 23,700 23,370 23,150 22,280 21,950 21,740 20,870 20,540 19,630 18,860 18,530 18,200 18,200 17,870 16,980 16,650 15,650 15,430 15,430 14,770 13,500 12,950 11,530 10,650 10,320 8,780 7,680 5,390 5,060 4,700 3,610 3,440 3,070 1,920
現行 26,830 26,830 26,500 26,200 25,870 25,870 25,540 24,650 24,320 23,990 23,230 22,900 22,070 21,740 21,410 20,470 19,810 19,480 19,480 19,150 18,820 18,150 17,930 17,150 16,820 16,600 16,050 14,670 14,120 12,700 12,150 11,600 10,500 9,400 6,980 6,540 6,100 5,390 5,060 4,700 3,260 2,120
新水俣
新水俣
改定 27,210 27,210 26,880 26,400 26,070 26,070 25,740 24,850 24,520 24,190 23,430 23,100 22,890 22,020 21,690 20,670 20,010 19,680 19,680 19,350 19,020 18,350 18,130 17,350 17,020 16,800 16,250 14,870 14,320 12,900 12,350 11,800 10,700 9,600 6,980 6,540 6,100 5,390 5,060 4,700 3,260 2,120
現行 27,460 27,460 27,460 26,830 26,830 26,500 26,500 25,610 25,280 24,950 24,080 23,860 22,700 22,370 22,040 21,100 20,440 20,110 20,110 19,780 19,780 18,780 18,560 17,780 17,450 17,450 16,900 15,630 15,080 13,660 12,780 12,450 11,130 10,030 7,940 6,980 6,540 6,100 5,390 4,700 3,610 2,890 1,640
出水
改定 27,840 27,840 27,840 27,030 27,030 26,700 26,700 25,810 25,480 25,150 24,280 24,060 23,520 22,650 22,320 21,300 20,640 20,310 20,310 19,980 19,980 18,980 18,760 17,980 17,650 17,650 17,100 15,830 15,280 13,860 12,980 12,650 11,330 10,230 7,940 6,980 6,540 6,100 5,390 4,700 3,610 2,890 1,640
現行 27,790 27,790 27,460 27,050 26,830 26,830 26,500 25,940 25,280 25,280 24,410 24,080 23,030 22,700 22,370 21,430 20,660 20,440 20,440 20,110 19,780 19,110 18,780 18,110 18,110 17,780 17,230 16,180 15,630 13,880 13,330 12,780 11,680 10,690 8,710 7,940 7,940 6,980 6,540 6,100 5,060 3,610 2,210 1,920
川内
改定 28,170 28,170 27,840 27,250 27,030 27,030 26,700 26,140 25,480 25,480 24,610 24,280 23,850 22,980 22,650 21,630 20,860 20,640 20,640 20,310 19,980 19,310 18,980 18,310 18,310 17,980 17,430 16,380 15,830 14,080 13,530 12,980 11,880 10,890 8,710 7,940 7,940 6,980 6,540 6,100 5,060 3,610 2,210 1,920
現行 28,860 28,860 28,530 28,120 28,120 27,790 27,790 27,010 26,350 26,350 25,480 25,150 23,990 23,770 23,440 22,500 21,730 21,400 21,400 21,180 21,180 20,180 19,850 19,070 19,070 19,070 18,850 17,470 16,920 15,500 14,620 14,400 13,080 11,980 10,110 9,780 9,340 8,270 7,940 6,980 6,540 5,060 3,610 3,260 2,210
鹿児島中央
鹿児島中央
※改定額は通常期にご利用の場合の発売額です。閑散期にご利用の場合は200円引き、繁忙期にご利用の場合は200円を加算、最繁忙期にご利用の場合は400円を加算します（東海道・山陽新幹線区間のみ）。
※上記の改定額は予定です。今後変更となる可能性がございます。
出水
川内
改定 29,240 29,240 28,910 28,320 28,320 27,990 27,990 27,210 26,550 26,550 25,680 25,350 24,810 24,050 23,720 22,700 21,930 21,600 21,600 21,380 21,380 20,380 20,050 19,270 19,270 19,270 19,050 17,670 17,120 15,700 14,820 14,600 13,280 12,180 10,110 9,780 9,340 8,270 7,940 6,980 6,540 5,060 3,610 3,260 2,210
=== page 6
1-2 EX予約サービス 発売額（単位:円）
■普通車指定席／G特典（ひかり・こだま・さくら・つばめ号ご利用時）:こども1名片道
東京
現行 960
品川 品川
改定 1,090
現行 1,130 1,090
新横浜 新横浜
改定 1,250 1,210
現行 1,640 1,550 1,370
小田原 小田原
改定 1,770 1,680 1,500
現行 1,770 1,770 1,550 1,090
熱海 熱海
改定 2,000 2,000 1,680 1,220
現行 1,930 1,930 1,720 1,220 1,040
三島 三島
改定 2,160 2,160 1,850 1,350 1,170
現行 2,480 2,480 2,250 1,460 1,260 1,130
新富士 新富士
改定 2,690 2,690 2,360 1,590 1,390 1,260
現行 2,860 2,860 2,580 1,720 1,550 1,370 1,170
静岡 静岡
改定 3,070 3,070 2,690 1,850 1,680 1,500 1,300
現行 3,630 3,630 3,470 2,580 2,410 2,250 1,640 1,310
掛川 掛川
改定 3,810 3,810 3,650 2,690 2,520 2,360 1,770 1,440
現行 3,850 3,850 3,630 2,800 2,580 2,410 2,250 1,550 1,130
浜松 浜松
改定 4,030 4,030 3,810 2,910 2,690 2,520 2,360 1,680 1,260
現行 4,180 4,180 4,020 3,570 2,960 2,800 2,580 2,250 1,460 1,220
豊橋 豊橋
改定 4,380 4,380 4,220 3,670 3,070 2,910 2,690 2,360 1,590 1,350
現行 4,820 4,820 4,710 3,950 3,730 3,570 2,960 2,580 2,250 1,550 1,260
三河安城 三河安城
改定 5,000 5,000 4,890 4,050 3,830 3,670 3,070 2,690 2,360 1,680 1,390
現行 5,150 5,150 4,820 4,180 4,020 3,850 3,470 2,960 2,410 2,250 1,550 1,120
名古屋 名古屋
改定 5,330 5,330 5,000 4,380 4,220 4,050 3,650 3,070 2,520 2,360 1,680 1,250
現行 5,260 5,260 5,150 4,810 4,280 4,120 3,950 3,570 2,800 2,410 2,250 1,370 1,170
岐阜羽島 岐阜羽島
改定 5,460 5,460 5,350 4,910 4,380 4,220 4,050 3,670 2,910 2,520 2,360 1,500 1,300
現行 5,710 5,710 5,430 5,250 5,080 4,920 4,280 4,120 3,570 2,960 2,580 2,250 1,550 1,310
米原 米原
改定 6,090 6,090 5,810 5,350 5,180 5,020 4,380 4,220 3,670 3,070 2,690 2,360 1,680 1,440
現行 6,530 6,530 6,190 5,750 5,640 5,260 5,150 4,820 4,180 3,850 3,470 2,800 2,450 2,120 1,460
京都 京都
改定 6,680 6,680 6,360 5,920 5,810 5,460 5,330 5,000 4,380 4,030 3,650 2,910 2,690 2,360 1,590
現行 6,800 6,800 6,640 6,030 5,920 5,750 5,640 5,150 4,820 4,180 4,020 3,630 2,830 2,450 2,120 1,160
新大阪 新大阪
改定 6,950 6,950 6,790 6,200 6,090 5,920 5,810 5,330 5,000 4,360 4,200 3,810 3,070 2,690 2,360 1,300
現行 7,080 7,080 6,910 6,630 6,290 6,130 6,020 5,560 5,250 4,860 4,280 3,950 3,530 2,960 2,580 1,430 1,200
新神戸 新神戸
改定 7,280 7,280 7,110 6,730 6,390 6,230 6,120 5,810 5,350 5,000 4,380 4,050 3,810 3,070 2,690 1,560 1,340
現行 7,440 7,440 7,180 6,740 6,630 6,290 6,130 5,670 5,360 5,020 4,750 4,120 3,750 3,370 2,800 1,680 1,350 1,080
西明石 西明石
改定 7,590 7,590 7,280 6,840 6,730 6,390 6,230 5,920 5,460 5,160 4,890 4,220 4,030 3,650 2,910 1,820 1,480 1,210
現行 7,590 7,590 7,480 7,010 6,740 6,740 6,290 5,950 5,560 5,300 5,020 4,750 3,980 3,810 2,960 2,410 1,640 1,370 1,170
姫路 姫路
改定 7,700 7,700 7,590 7,110 6,840 6,840 6,390 6,200 5,810 5,440 5,160 4,890 4,200 4,030 3,070 2,520 1,770 1,500 1,300
現行 7,590 7,590 7,480 7,180 7,010 6,900 6,630 6,110 5,670 5,460 5,190 4,860 4,280 4,120 3,570 2,580 2,250 1,550 1,370 1,090
相生 相生
改定 7,700 7,700 7,590 7,280 7,110 7,000 6,730 6,360 5,920 5,810 5,330 5,000 4,380 4,220 3,670 2,690 2,360 1,680 1,500 1,220
現行 8,140 8,140 7,980 7,670 7,560 7,560 7,180 6,550 6,280 5,850 5,570 5,300 5,190 4,860 4,280 3,540 2,800 2,580 2,410 1,640 1,460
岡山 岡山
改定 8,280 8,280 8,120 7,770 7,660 7,660 7,280 6,950 6,680 6,200 5,920 5,440 5,330 5,000 4,380 3,650 2,910 2,690 2,520 1,770 1,590
現行 8,140 8,140 8,140 7,670 7,670 7,560 7,560 7,010 6,740 6,440 6,110 5,830 5,360 5,250 4,810 3,930 3,520 2,800 2,580 2,250 1,720 1,130
新倉敷 新倉敷
改定 8,280 8,280 8,280 7,770 7,770 7,660 7,660 7,110 6,840 6,680 6,210 5,930 5,460 5,350 4,910 4,030 3,650 2,910 2,690 2,360 1,850 1,260
現行 8,310 8,310 8,310 7,980 7,840 7,670 7,670 7,380 7,010 6,550 6,270 6,000 5,830 5,360 5,080 4,090 3,680 3,570 2,800 2,580 2,410 1,370 1,170
福山 福山
改定 8,450 8,450 8,450 8,120 7,940 7,770 7,770 7,590 7,110 6,790 6,370 6,100 5,930 5,460 5,180 4,220 3,830 3,670 2,910 2,690 2,520 1,500 1,300
現行 8,710 8,710 8,440 8,270 8,110 7,840 7,670 7,380 7,180 6,710 6,440 6,110 6,000 5,720 5,250 4,260 3,900 3,730 2,960 2,800 2,580 1,550 1,370 1,090
新尾道 新尾道
改定 8,880 8,880 8,540 8,370 8,210 7,940 7,770 7,590 7,280 6,950 6,680 6,210 6,100 5,820 5,350 4,380 4,050 3,830 3,070 2,910 2,690 1,680 1,500 1,220
現行 8,710 8,710 8,440 8,270 8,110 8,110 7,670 7,490 7,180 6,820 6,550 6,270 6,000 5,830 5,250 4,610 4,070 3,730 3,570 2,800 2,580 1,640 1,460 1,170 1,000
三原 三原
改定 8,880 8,880 8,540 8,370 8,210 8,210 7,770 7,700 7,280 7,060 6,790 6,370 6,100 5,930 5,350 4,890 4,220 3,830 3,670 2,910 2,690 1,770 1,590 1,300 1,130
現行 8,820 8,820 8,710 8,440 8,270 8,270 8,110 7,660 7,380 7,150 6,820 6,550 6,270 6,110 5,720 5,080 4,760 4,120 3,950 3,570 2,960 2,410 2,250 1,550 1,370 1,220
東広島 東広島
改定 8,990 8,990 8,880 8,540 8,370 8,370 8,210 7,870 7,590 7,590 7,060 6,790 6,370 6,210 5,820 5,180 4,910 4,220 4,050 3,670 3,070 2,520 2,360 1,680 1,500 1,350
現行 8,990 8,990 8,820 8,710 8,440 8,440 8,270 7,660 7,490 7,150 7,150 6,710 6,520 6,270 6,000 5,350 4,870 4,780 4,260 3,930 3,710 2,800 2,410 2,250 1,640 1,550 1,170
広島 広島
改定 9,160 9,160 8,990 8,880 8,540 8,540 8,370 8,120 7,700 7,590 7,590 6,950 6,790 6,370 6,100 5,460 5,020 4,910 4,380 4,050 3,830 2,910 2,520 2,360 1,770 1,680 1,300
現行 9,440 9,440 9,270 9,000 8,890 8,890 8,440 8,270 8,110 7,670 7,670 7,180 6,890 6,620 6,290 5,830 5,200 5,080 4,920 4,280 4,120 3,570 2,800 2,580 2,410 2,250 1,550 1,260
新岩国 新岩国
改定 9,580 9,580 9,420 9,100 8,990 8,990 8,540 8,370 8,210 7,770 7,770 7,280 7,060 6,790 6,390 5,930 5,350 5,180 5,020 4,380 4,220 3,670 2,910 2,690 2,520 2,360 1,680 1,390
現行 9,610 9,610 9,430 9,170 9,170 9,000 9,000 8,890 8,270 8,270 7,840 7,670 7,220 7,060 6,780 6,130 5,800 5,360 5,250 5,080 4,920 3,950 3,730 2,960 2,800 2,800 2,410 1,720 1,370
徳山 徳山
改定 9,750 9,750 9,580 9,270 9,270 9,100 9,100 8,990 8,370 8,370 7,940 7,770 7,590 7,230 6,950 6,230 5,920 5,460 5,350 5,180 5,020 4,050 3,830 3,070 2,910 2,910 2,520 1,850 1,500
現行 10,040 10,040 9,760 9,430 9,430 9,270 9,170 9,000 8,600 8,440 8,270 7,840 7,330 7,220 7,060 6,480 6,080 6,020 5,740 5,360 5,250 4,280 4,120 3,950 3,730 3,570 2,800 2,410 1,720 1,260
新山口 新山口
改定 10,180 10,180 9,910 9,580 9,580 9,420 9,270 9,100 8,700 8,540 8,370 7,940 7,700 7,590 7,230 6,680 6,230 6,120 5,840 5,460 5,350 4,380 4,220 4,050 3,830 3,670 2,910 2,520 1,850 1,390
現行 10,380 10,380 10,010 9,770 9,770 9,600 9,600 9,170 8,890 8,890 8,440 8,270 7,740 7,570 7,460 6,910 6,580 6,130 6,020 5,850 5,520 4,920 4,810 4,120 3,950 3,950 3,130 2,800 2,410 1,550 1,220
厚狭
厚狭
改定 10,480 10,480 10,180 9,870 9,870 9,700 9,700 9,270 8,990 8,990 8,540 8,370 7,870 7,700 7,590 7,000 6,680 6,230 6,120 5,950 5,620 5,020 4,910 4,220 4,050 4,050 3,240 2,910 2,520 1,680 1,350
現行 10,490 10,490 10,180 10,010 9,770 9,770 9,600 9,440 9,000 8,890 8,440 8,270 7,900 7,740 7,570 7,020 6,690 6,460 6,290 6,020 5,850 5,250 4,920 4,450 4,280 4,120 3,730 2,960 2,580 2,250 1,460 1,130
新下関
新下関
改定 10,590 10,590 10,350 10,180 9,870 9,870 9,700 9,540 9,100 8,990 8,540 8,370 8,280 7,870 7,700 7,110 6,790 6,560 6,390 6,120 5,950 5,350 5,020 4,550 4,380 4,220 3,830 3,070 2,690 2,360 1,590 1,260
現行 10,530 10,530 10,290 10,010 10,010 9,770 9,770 9,600 9,170 9,000 8,890 8,440 7,900 7,740 7,570 7,210 6,850 6,740 6,290 6,130 6,020 5,250 5,080 4,920 4,450 4,280 3,950 3,540 2,800 2,410 1,640 1,310 1,040
小倉 小倉
改定 10,720 10,720 10,460 10,180 10,180 9,870 9,870 9,700 9,270 9,100 8,990 8,540 8,280 8,120 7,700 7,310 7,000 6,840 6,390 6,230 6,120 5,350 5,180 5,020 4,550 4,380 4,050 3,650 2,910 2,520 1,770 1,440 1,170
現行 10,860 10,860 10,690 10,490 10,380 10,380 10,210 9,770 9,600 9,600 9,170 9,000 8,470 8,310 8,140 7,670 7,290 7,180 7,010 6,740 6,630 6,020 5,850 5,360 5,250 5,080 4,810 4,260 3,950 2,960 2,580 2,250 1,640 1,460
博多 博多
改定 11,050 11,050 10,880 10,590 10,480 10,480 10,310 9,870 9,700 9,700 9,270 9,100 8,880 8,450 8,280 7,770 7,440 7,280 7,110 6,840 6,730 6,120 5,950 5,460 5,350 5,180 4,910 4,380 4,050 3,070 2,690 2,360 1,770 1,590
現行 11,480 11,480 11,320 11,110 10,950 10,950 10,840 10,390 10,230 10,060 9,630 9,460 9,040 8,930 8,770 8,300 7,920 7,810 7,650 7,480 7,370 6,600 6,490 5,980 5,820 5,820 5,540 4,910 4,580 3,750 3,260 3,040 2,330 1,790 910
新鳥栖 新鳥栖
改定 11,670 11,670 11,510 11,210 11,050 11,050 10,940 10,490 10,330 10,160 9,730 9,560 9,450 9,070 8,910 8,400 8,010 7,900 7,740 7,570 7,460 6,690 6,580 6,080 5,920 5,920 5,640 5,010 4,680 3,860 3,370 3,150 2,430 1,890 910
現行 11,490 11,490 11,330 11,120 10,960 10,960 10,850 10,400 10,240 10,070 9,800 9,470 9,050 8,940 8,780 8,310 7,930 7,820 7,820 7,490 7,380 6,770 6,500 6,100 5,990 5,830 5,550 5,030 4,590 3,760 3,430 3,050 2,500 1,950 1,010 740
久留米 久留米
改定 11,680 11,680 11,520 11,220 11,060 11,060 10,950 10,500 10,340 10,170 9,900 9,570 9,460 9,080 8,920 8,410 8,020 7,910 7,910 7,580 7,470 6,860 6,590 6,200 6,090 5,930 5,650 5,130 4,690 3,870 3,540 3,160 2,600 2,050 1,010 740
現行 11,720 11,720 11,720 11,350 11,350 11,190 11,190 10,800 10,630 10,470 10,030 9,870 9,280 9,170 9,010 8,540 8,150 8,150 8,040 7,880 7,710 6,990 6,830 6,330 6,220 6,220 5,950 5,260 4,980 4,210 3,660 3,500 2,730 2,180 1,190 870 820
筑後船小屋
筑後船小屋
改定 11,910 11,910 11,910 11,450 11,450 11,290 11,290 10,900 10,730 10,570 10,130 9,970 9,690 9,310 9,150 8,640 8,250 8,250 8,140 7,980 7,810 7,090 6,930 6,430 6,320 6,320 6,050 5,350 5,070 4,310 3,760 3,600 2,830 2,280 1,190 870 820
現行 12,140 12,140 11,970 11,770 11,600 11,600 11,440 11,050 10,880 10,720 10,280 10,120 9,700 9,530 9,420 8,950 8,570 8,400 8,290 8,290 8,130 7,410 7,240 6,750 6,580 6,580 6,310 5,670 5,400 4,630 4,080 3,910 3,150 2,590 1,530 1,060 960 820
新大牟田 新大牟田
改定 12,330 12,330 12,160 11,870 11,700 11,700 11,540 11,150 10,980 10,820 10,380 10,220 10,110 9,670 9,560 9,050 8,670 8,500 8,390 8,390 8,230 7,510 7,340 6,850 6,680 6,680 6,410 5,770 5,490 4,730 4,180 4,010 3,250 2,690 1,530 1,060 960 820
現行 12,150 12,150 12,150 11,780 11,780 11,610 11,610 11,170 11,060 10,890 10,460 10,290 9,710 9,540 9,430 8,960 8,580 8,580 8,410 8,300 8,300 7,530 7,420 6,870 6,760 6,760 6,480 5,850 5,520 4,800 4,250 4,090 3,380 2,770 1,800 1,530 1,440 1,010 870
新玉名 新玉名
改定 12,340 12,340 12,340 11,880 11,880 11,710 11,710 11,270 11,160 10,990 10,560 10,390 10,120 9,680 9,570 9,060 8,680 8,680 8,510 8,400 8,400 7,630 7,520 6,970 6,860 6,860 6,580 5,940 5,610 4,900 4,350 4,190 3,480 2,870 1,800 1,530 1,440 1,010 870
現行 12,710 12,710 12,540 12,340 12,170 12,170 12,010 11,560 11,450 11,450 11,020 10,850 10,270 10,100 9,940 9,520 9,150 8,980 8,980 8,820 8,710 8,210 7,930 7,590 7,430 7,260 6,990 6,520 6,240 5,360 5,030 4,650 4,100 3,550 2,340 1,720 1,720 1,530 1,100 910
熊本
改定 12,900 12,900 12,730 12,440 12,270 12,270 12,110 11,660 11,550 11,550 11,120 10,950 10,680 10,240 10,080 9,620 9,250 9,080 9,080 8,910 8,800 8,300 8,020 7,690 7,530 7,360 7,090 6,620 6,340 5,460 5,130 4,750 4,200 3,650 2,340 1,720 1,720 1,530 1,100 910
現行 12,830 12,830 12,720 12,520 12,350 12,350 12,190 11,740 11,580 11,470 11,030 10,870 10,450 10,280 10,120 9,700 9,330 9,160 9,000 9,000 8,830 8,390 8,220 7,720 7,610 7,610 7,280 6,640 6,370 5,650 5,210 5,050 4,280 3,730 2,690 2,520 2,340 1,800 1,720 1,530 960
新八代 新八代
改定 13,020 13,020 12,910 12,620 12,450 12,450 12,290 11,840 11,680 11,570 11,130 10,970 10,860 10,420 10,260 9,800 9,420 9,250 9,090 9,090 8,920 8,480 8,310 7,820 7,710 7,710 7,380 6,740 6,470 5,750 5,310 5,150 4,380 3,830 2,690 2,520 2,340 1,800 1,720 1,530 960
現行 13,410 13,410 13,250 13,100 12,930 12,930 12,770 12,320 12,160 11,990 11,610 11,450 11,030 10,860 10,700 10,230 9,900 9,730 9,730 9,570 9,400 9,070 8,960 8,570 8,410 8,300 8,020 7,330 7,060 6,340 6,070 5,790 5,250 4,690 3,490 3,270 3,050 2,690 2,520 2,340 1,630 1,060
新水俣 新水俣
改定 13,600 13,600 13,440 13,200 13,030 13,030 12,870 12,420 12,260 12,090 11,710 11,550 11,440 11,000 10,840 10,330 10,000 9,830 9,830 9,670 9,500 9,170 9,060 8,660 8,500 8,390 8,110 7,430 7,160 6,440 6,170 5,890 5,340 4,790 3,490 3,270 3,050 2,690 2,520 2,340 1,630 1,060
現行 13,720 13,720 13,720 13,410 13,410 13,240 13,240 12,800 12,630 12,470 12,030 11,920 11,340 11,170 11,010 10,540 10,220 10,050 10,050 9,890 9,890 9,390 9,280 8,880 8,720 8,720 8,440 7,810 7,530 6,820 6,380 6,210 5,560 5,000 3,960 3,490 3,270 3,050 2,690 2,340 1,800 1,440 820
出水
改定 13,910 13,910 13,910 13,510 13,510 13,340 13,340 12,900 12,730 12,570 12,130 12,020 11,750 11,310 11,150 10,640 10,320 10,150 10,150 9,980 9,980 9,480 9,370 8,980 8,820 8,820 8,540 7,910 7,630 6,920 6,480 6,310 5,660 5,100 3,960 3,490 3,270 3,050 2,690 2,340 1,800 1,440 820
現行 13,890 13,890 13,720 13,520 13,410 13,410 13,240 12,960 12,630 12,630 12,200 12,030 11,500 11,340 11,170 10,700 10,330 10,220 10,220 10,050 9,890 9,550 9,390 9,050 9,050 8,880 8,610 8,080 7,810 6,930 6,650 6,380 5,830 5,330 4,350 3,960 3,960 3,490 3,270 3,050 2,520 1,800 1,100 960
川内 川内
改定 14,080 14,080 13,910 13,620 13,510 13,510 13,340 13,060 12,730 12,730 12,300 12,130 11,910 11,480 11,310 10,800 10,420 10,310 10,310 10,140 9,980 9,640 9,480 9,150 9,150 8,980 8,710 8,180 7,910 7,030 6,750 6,480 5,930 5,430 4,350 3,960 3,960 3,490 3,270 3,050 2,520 1,800 1,100 960
現行 14,430 14,430 14,260 14,060 14,060 13,890 13,890 13,500 13,170 13,170 12,740 12,570 11,990 11,880 11,710 11,240 10,860 10,690 10,690 10,580 10,580 10,080 9,920 9,530 9,530 9,530 9,420 8,730 8,460 7,740 7,300 7,190 6,540 5,980 5,050 4,890 4,670 4,130 3,960 3,490 3,270 2,520 1,800 1,630 1,100
鹿児島中央 鹿児島中央
改定 14,620 14,620 14,450 14,160 14,160 13,990 13,990 13,600 13,270 13,270 12,840 12,670 12,400 12,020 11,850 11,340 10,960 10,790 10,790 10,680 10,680 10,180 10,020 9,630 9,630 9,630 9,520 8,820 8,550 7,840 7,400 7,290 6,640 6,080 5,050 4,890 4,670 4,130 3,960 3,490 3,270 2,520 1,800 1,630 1,100
※改定額は通常期にご利用の場合の発売額です。閑散期にご利用の場合は100円引き、繁忙期にご利用の場合は100円を加算、最繁忙期にご利用の場合は200円を加算します（東海道・山陽新幹線区間のみ）。
※上記の改定額は予定です。今後変更となる可能性がございます。
熊本
出水
=== page 7
1-2 EX予約サービス 発売額（単位:円）
■グリーン車用（ひかり・こだま・さくら・つばめ号ご利用時）:おとな1名片道
東京
現行 2,690
品川 品川
改定 2,960
現行 3,030 2,940
新横浜 新横浜
改定 3,290 3,200
現行 4,040 3,860 3,510
小田原 小田原
改定 4,310 4,130 3,780
現行 4,300 4,300 3,860 2,940
熱海 熱海
改定 6,270 4,770 4,130 3,210
現行 5,940 5,940 4,210 3,200 2,850
三島 三島
改定 6,600 6,600 4,480 3,470 3,120
現行 7,040 7,040 6,580 3,690 3,290 3,030
新富士 新富士
改定 7,660 7,660 7,000 3,960 3,560 3,300
現行 7,810 7,810 7,240 4,210 3,860 3,510 3,110
静岡 静岡
改定 8,430 8,430 7,660 4,480 4,130 3,780 3,380
現行 10,470 10,470 10,140 7,430 7,100 6,770 4,040 3,380
掛川 掛川
改定 11,290 11,290 10,960 7,660 7,330 7,000 4,310 3,650
現行 10,910 10,910 10,470 7,870 7,430 7,100 6,770 3,860 3,030
浜松 浜松
改定 11,730 11,730 11,290 8,100 7,660 7,330 7,000 4,130 3,300
現行 11,570 11,570 11,240 10,340 8,200 7,870 7,430 6,770 3,690 3,200
豊橋 豊橋
改定 12,430 12,430 12,100 11,000 8,430 8,100 7,660 7,000 3,960 3,470
現行 13,310 13,310 13,090 11,570 11,130 10,800 8,200 7,430 6,770 3,860 3,290
三河安城 三河安城
改定 13,670 13,670 13,450 11,770 11,330 11,000 8,430 7,660 7,000 4,130 3,560
現行 13,970 13,970 13,310 12,030 11,700 11,370 10,600 8,200 7,100 6,770 3,860 3,000
名古屋 名古屋
改定 14,330 14,330 13,670 12,430 12,100 11,770 10,960 8,430 7,330 7,000 4,130 3,270
現行 14,190 14,190 13,970 13,290 12,230 11,900 11,570 10,800 7,870 7,100 6,770 3,510 3,110
岐阜羽島 岐阜羽島
改定 14,590 14,590 14,370 13,490 12,430 12,100 11,770 11,000 8,100 7,330 7,000 3,780 3,380
現行 16,290 16,290 15,740 14,170 13,840 13,510 12,230 11,900 10,800 8,200 7,430 6,770 3,860 3,380
米原 米原
改定 17,050 17,050 16,500 14,370 14,040 13,710 12,430 12,100 11,000 8,430 7,660 7,000 4,130 3,650
現行 17,930 17,930 17,260 16,380 16,160 14,190 13,970 13,310 12,030 11,370 10,600 7,870 7,170 6,510 3,690
京都 京都
改定 18,230 18,230 17,600 16,720 16,500 14,590 14,330 13,670 12,430 11,730 10,960 8,100 7,660 7,000 3,960
現行 18,480 18,480 18,150 16,930 16,710 16,380 16,160 13,970 13,310 12,030 11,700 10,930 7,940 7,170 6,510 3,090
新大阪 新大阪
改定 18,780 18,780 18,450 17,270 17,050 16,720 16,500 14,330 13,670 12,390 12,060 11,290 8,430 7,660 7,000 3,370
現行 19,030 19,030 18,700 18,130 17,460 17,130 16,910 16,000 14,170 13,380 12,230 11,570 10,730 8,200 7,430 3,620 3,170
新神戸 新神戸
改定 19,440 19,440 19,110 18,340 17,670 17,340 17,120 16,500 14,370 13,670 12,430 11,770 11,290 8,430 7,660 3,900 3,450
現行 20,960 20,960 19,230 18,350 18,130 17,460 17,130 16,220 14,390 13,710 13,160 11,900 11,170 10,400 7,870 4,130 3,460 2,920
西明石 西明石
改定 21,260 21,260 19,440 18,560 18,340 17,670 17,340 16,720 14,590 14,000 13,450 12,100 11,730 10,960 8,100 4,410 3,740 3,200
現行 21,260 21,260 21,040 18,900 18,350 18,350 17,460 16,770 16,000 14,260 13,710 13,160 11,630 11,300 8,200 7,100 4,040 3,510 3,110
姫路 姫路
改定 21,480 21,480 21,260 19,110 18,560 18,560 17,670 17,270 16,500 14,550 14,000 13,450 12,060 11,730 8,430 7,330 4,310 3,780 3,380
現行 21,260 21,260 21,040 19,230 18,900 18,680 18,130 17,100 16,220 15,790 14,040 13,380 12,230 11,900 10,800 7,430 6,770 3,860 3,510 2,940
相生 相生
改定 21,480 21,480 21,260 19,440 19,110 18,890 18,340 17,600 16,720 16,500 14,330 13,670 12,430 12,100 11,000 7,660 7,000 4,130 3,780 3,210
現行 22,370 22,370 22,040 21,430 21,210 21,210 19,230 17,980 17,430 16,560 16,010 14,260 14,040 13,380 12,230 10,750 7,870 7,430 7,100 4,040 3,690
岡山 岡山
改定 22,650 22,650 22,320 21,630 21,410 21,410 19,440 18,780 18,230 17,270 16,720 14,550 14,330 13,670 12,430 10,960 8,100 7,660 7,330 4,310 3,960
現行 22,370 22,370 22,370 21,430 21,430 21,210 20,000 18,900 18,350 17,750 17,090 15,340 14,390 14,170 13,290 11,520 9,300 7,870 7,430 6,770 4,210 2,800
新倉敷 新倉敷
改定 22,650 22,650 22,650 21,630 21,630 21,410 21,410 19,110 18,560 18,230 17,300 16,750 14,590 14,370 13,490 11,730 10,960 8,100 7,660 7,000 4,480 3,300
現行 22,700 22,700 22,700 22,040 21,760 21,430 21,430 20,850 18,900 17,970 17,420 16,870 16,540 14,390 13,840 11,850 11,030 10,800 7,870 7,430 7,100 3,510 2,880
福山 福山
改定 22,980 22,980 22,980 22,320 21,960 21,630 21,630 21,260 19,110 18,450 17,630 17,080 16,750 14,590 14,040 12,100 11,330 11,000 8,100 7,660 7,330 3,780 3,380
現行 23,510 23,510 22,960 22,630 22,300 21,760 21,430 20,850 19,230 18,300 17,750 17,090 16,870 15,120 14,170 12,180 11,470 11,130 8,200 7,870 7,430 3,860 3,280 2,710
新尾道 新尾道
改定 25,040 25,040 23,160 22,830 22,500 21,960 21,630 21,260 19,440 18,780 18,230 17,300 17,080 16,530 14,370 12,430 11,770 11,330 8,430 8,100 7,660 4,130 3,780 3,210
現行 23,510 23,510 22,960 22,630 22,300 22,300 21,430 21,070 19,230 18,520 17,970 17,420 16,870 15,340 14,170 12,890 11,800 11,130 9,400 7,870 7,430 4,040 3,460 2,880 2,530
三原 三原
改定 25,040 25,040 23,160 22,830 22,500 22,500 21,630 21,480 19,440 19,000 18,450 17,630 17,080 16,750 14,370 13,450 12,100 11,330 11,000 8,100 7,660 4,310 3,960 3,380 3,030
現行 23,730 23,730 23,510 22,960 22,630 22,630 22,300 21,400 19,640 19,180 18,520 17,970 17,420 15,890 15,120 13,830 13,180 11,900 10,170 9,400 8,200 5,600 5,040 3,630 3,280 2,970
東広島 東広島
改定 25,260 25,260 25,040 23,160 22,830 22,830 22,500 21,810 21,260 21,260 19,000 18,450 17,630 17,300 16,530 14,030 13,480 12,100 11,770 11,000 8,430 7,330 7,000 4,130 3,780 3,470
現行 24,590 24,590 24,260 24,040 22,960 22,960 22,630 21,400 21,070 20,390 20,390 18,300 17,920 17,420 16,870 14,380 13,400 13,230 12,180 11,520 11,080 7,870 7,100 6,770 3,810 3,630 2,880
広島 広島
改定 25,590 25,590 25,260 25,040 23,160 23,160 22,830 22,320 21,480 21,260 21,260 18,780 18,450 17,630 17,080 14,580 13,700 13,480 12,430 11,770 11,330 8,100 7,330 7,000 4,310 4,130 3,380
現行 25,500 25,500 25,140 24,610 23,860 23,860 22,960 22,630 22,300 21,430 21,430 19,230 18,650 18,100 17,460 15,330 14,060 13,830 13,500 12,230 11,900 9,400 7,870 7,430 5,370 5,040 3,630 3,060
新岩国 新岩国
改定 26,440 26,440 26,110 25,470 25,250 25,250 23,160 22,830 22,500 21,630 21,630 19,440 19,000 18,450 17,670 16,740 14,360 14,030 13,700 12,430 12,100 11,000 8,100 7,660 7,330 7,000 4,130 3,560
現行 25,830 25,830 25,470 24,940 24,940 24,610 24,610 24,390 22,630 22,630 21,760 21,430 19,850 18,980 18,430 16,970 16,320 14,380 14,160 13,830 13,500 11,570 9,730 8,200 6,370 6,370 5,600 4,210 3,280
徳山 徳山
改定 26,770 26,770 26,440 25,800 25,800 25,470 25,470 25,250 22,830 22,830 21,960 21,630 21,260 19,330 18,780 17,340 16,720 14,580 14,360 14,030 13,700 11,770 11,330 8,430 8,100 8,100 7,330 4,480 3,780
現行 26,690 26,690 26,130 25,470 25,470 25,140 24,940 24,610 23,290 22,960 22,630 21,760 20,070 19,850 18,980 17,670 16,870 16,570 16,020 14,380 14,160 12,230 11,900 11,570 9,730 9,400 7,870 7,100 4,210 3,290
新山口 新山口
改定 27,630 27,630 27,100 26,440 26,440 26,110 25,800 25,470 23,490 23,160 22,830 21,960 21,480 21,260 19,330 18,230 17,340 17,120 16,570 14,580 14,360 12,430 12,100 11,770 11,330 11,000 8,100 7,330 4,480 3,560
現行 27,360 27,360 26,630 26,140 26,140 25,810 25,810 24,940 23,860 23,860 22,960 22,630 20,880 20,550 19,790 18,520 17,870 16,790 16,570 15,380 14,710 13,500 13,280 11,900 10,170 10,170 8,530 7,870 5,600 3,860 2,970
厚狭 厚狭
改定 28,220 28,220 27,630 27,000 27,000 26,670 26,670 25,800 25,250 25,250 23,160 22,830 21,810 21,480 21,260 18,890 18,240 17,340 17,120 16,790 14,910 13,700 13,480 12,100 11,770 11,770 8,760 8,100 7,330 4,130 3,470
現行 27,580 27,580 26,960 26,630 26,140 26,140 25,810 25,480 24,080 23,860 22,960 22,630 21,210 20,880 20,010 18,740 18,090 17,450 17,120 15,710 15,380 14,160 13,500 12,560 10,830 10,500 9,730 8,200 5,930 5,270 3,460 2,800
新下関 新下関
改定 28,440 28,440 27,960 27,630 27,000 27,000 26,670 26,340 25,470 25,250 23,160 22,830 22,650 21,810 21,480 19,110 18,460 18,000 17,670 17,120 16,790 14,360 13,700 12,760 12,430 12,100 11,330 8,430 7,660 7,000 3,960 3,300
現行 27,660 27,660 27,180 26,630 26,630 26,140 26,140 25,810 24,940 24,610 24,390 22,960 21,210 20,880 20,550 19,120 18,420 18,010 17,120 16,790 16,570 14,160 13,830 13,500 12,560 12,230 11,570 10,750 7,870 7,100 4,040 3,150 2,620
小倉 小倉
改定 28,700 28,700 28,180 27,630 27,630 27,000 27,000 26,670 25,800 25,470 25,250 23,160 22,650 22,320 21,480 19,490 18,890 18,560 17,670 17,340 17,120 14,360 14,030 13,700 12,760 12,430 11,770 10,960 8,100 7,330 4,310 3,650 3,120
現行 28,320 28,320 27,990 27,580 27,360 27,360 27,030 26,140 25,810 25,810 24,940 24,610 23,560 22,700 22,370 20,760 20,000 18,890 18,560 18,010 17,790 16,570 15,380 14,380 14,160 13,830 13,280 12,180 10,170 8,200 7,430 5,270 4,040 3,690
博多 博多
改定 29,360 29,360 29,030 28,440 28,220 28,220 27,890 27,000 26,670 26,670 25,800 25,470 25,040 22,980 22,650 21,630 20,970 19,440 19,110 18,560 18,340 17,120 16,790 14,580 14,360 14,030 13,480 12,430 11,770 8,430 7,660 7,000 4,310 3,960
現行 30,780 30,780 30,450 30,040 29,710 29,710 29,490 28,600 28,270 27,940 27,070 26,740 25,910 25,160 24,830 23,220 22,400 21,310 20,980 20,650 20,430 18,880 17,760 16,800 16,470 16,470 15,920 14,650 12,540 10,940 9,950 7,920 6,570 5,510 2,830
新鳥栖
新鳥栖
改定 31,920 31,920 31,590 31,000 30,670 30,670 30,450 29,560 29,230 28,900 28,030 27,700 27,490 25,540 25,210 24,190 23,420 22,000 21,670 21,340 21,120 19,570 19,350 17,140 16,810 16,810 16,260 14,990 14,330 11,300 10,310 9,870 6,940 5,880 2,830
現行 30,800 30,800 30,470 30,060 29,730 29,730 29,510 28,620 28,290 27,960 27,420 26,760 25,930 25,180 24,850 23,240 22,420 21,330 21,330 20,670 20,450 19,230 17,780 17,040 16,820 16,490 15,940 14,890 12,560 10,960 10,300 7,940 6,920 5,820 3,020 2,490
久留米 久留米
改定 31,940 31,940 31,610 31,020 30,690 30,690 30,470 29,580 29,250 28,920 28,380 27,720 27,510 25,560 25,230 24,210 23,440 22,020 22,020 21,360 21,140 19,920 19,370 17,380 17,160 16,830 16,280 15,230 14,350 11,320 10,660 9,890 7,290 6,190 3,020 2,490
現行 31,250 31,250 31,250 30,510 30,510 30,180 30,180 29,400 29,070 28,740 27,870 27,540 26,380 25,630 25,300 23,690 22,870 22,000 21,780 21,450 21,120 19,680 18,450 17,490 17,270 17,270 16,720 15,340 13,340 11,850 10,750 8,830 7,370 6,270 3,390 2,740 2,640
筑後船小屋 筑後船小屋
改定 32,390 32,390 32,390 31,470 31,470 31,140 31,140 30,360 30,030 29,700 28,830 28,500 27,960 26,010 25,680 24,660 23,890 22,690 22,470 22,140 21,810 20,370 20,040 17,830 17,610 17,610 17,060 15,680 15,130 12,210 11,110 10,780 7,740 6,640 3,390 2,740 2,640
現行 32,080 32,080 31,750 31,340 31,010 31,010 30,680 29,900 29,570 29,240 28,370 28,040 27,210 26,350 26,130 24,520 23,700 22,500 22,280 22,280 21,950 20,510 19,280 18,320 17,990 17,990 17,440 16,170 14,170 12,680 11,580 9,660 8,200 7,100 4,070 3,120 2,920 2,640
新大牟田
新大牟田
改定 33,220 33,220 32,890 32,300 31,970 31,970 31,640 30,860 30,530 30,200 29,330 29,000 28,790 26,730 26,510 25,490 24,720 23,190 22,970 22,970 22,640 21,200 20,870 18,660 18,330 18,330 17,780 16,510 15,960 13,040 11,940 11,610 8,570 7,470 4,070 3,120 2,920 2,640
現行 32,100 32,100 32,100 31,360 31,360 31,030 31,030 30,140 29,920 29,590 28,720 28,390 27,230 26,370 26,150 24,540 23,720 22,850 22,520 22,300 22,300 20,750 19,630 18,560 18,340 18,340 17,790 16,520 14,410 13,030 11,930 10,010 8,660 7,450 4,610 4,070 3,890 3,020 2,740
新玉名 新玉名
改定 33,240 33,240 33,240 32,320 32,320 31,990 31,990 31,100 30,880 30,550 29,680 29,350 28,810 26,750 26,530 25,510 24,740 23,540 23,210 22,990 22,990 21,440 21,220 18,900 18,680 18,680 18,130 16,860 16,200 13,390 12,290 11,960 9,030 7,820 4,610 4,070 3,890 3,020 2,740
現行 34,730 34,730 34,400 33,990 33,660 33,660 33,330 32,440 32,220 32,220 31,350 31,020 29,860 29,000 28,670 27,170 26,280 25,090 25,090 24,760 24,540 23,540 22,040 21,470 21,140 20,810 20,260 19,320 17,240 15,610 14,950 12,480 11,550 10,450 7,200 4,440 4,440 4,070 3,210 2,830
熊本 熊本
改定 35,870 35,870 35,540 34,950 34,620 34,620 34,290 33,400 33,180 33,180 32,310 31,980 31,440 29,380 29,050 28,140 27,370 25,840 25,840 25,510 25,290 24,290 23,740 21,860 21,530 21,200 20,650 19,710 19,160 16,020 15,360 14,590 11,990 10,890 7,200 4,440 4,440 4,070 3,210 2,830
現行 34,980 34,980 34,760 34,350 34,020 34,020 33,690 32,800 32,470 32,250 31,380 31,050 30,220 29,360 29,030 27,530 26,640 25,450 25,120 25,120 24,790 23,900 22,620 21,720 21,500 21,500 20,840 19,570 17,490 16,190 15,310 13,280 11,910 10,810 7,890 7,560 7,200 4,610 4,440 4,070 2,920
新八代
新八代
改定 36,120 36,120 35,900 35,310 34,980 34,980 34,650 33,760 33,430 33,210 32,340 32,010 31,800 29,740 29,410 28,500 27,730 26,200 25,870 25,870 25,540 24,650 24,320 22,110 21,890 21,890 21,230 19,960 19,410 16,600 15,720 15,390 12,350 11,250 7,890 7,560 7,200 4,610 4,440 4,070 2,920
現行 36,130 36,130 35,800 35,500 35,170 35,170 34,840 33,950 33,620 33,290 32,530 32,200 31,370 30,510 30,180 28,570 27,790 26,600 26,600 26,270 25,940 25,270 24,100 23,420 23,090 22,870 22,320 20,940 18,860 17,560 17,010 14,760 13,830 12,730 9,480 9,040 8,600 7,890 7,560 7,200 4,260 3,120
新水俣 新水俣
改定 37,270 37,270 36,940 36,460 36,130 36,130 35,800 34,910 34,580 34,250 33,490 33,160 32,950 30,890 30,560 29,540 28,880 27,350 27,350 27,020 26,690 26,020 25,800 23,810 23,480 23,260 22,710 21,330 20,780 17,970 17,420 16,870 14,270 13,170 9,480 9,040 8,600 7,890 7,560 7,200 4,260 3,120
現行 38,150 38,150 38,150 37,520 37,520 37,190 37,190 36,300 35,970 35,640 34,770 34,550 33,390 32,530 32,200 30,590 29,770 28,600 28,600 28,270 28,270 27,270 26,070 25,420 25,090 25,090 24,540 23,270 21,140 19,880 19,000 16,920 15,820 14,720 11,830 9,480 9,040 8,600 7,890 7,200 4,610 3,890 2,640
出水 出水
改定 39,290 39,290 39,290 38,480 38,480 38,150 38,150 37,260 36,930 36,600 35,730 35,510 34,970 32,910 32,580 31,560 30,900 29,370 29,370 29,040 29,040 28,040 27,820 25,830 25,500 25,500 24,950 23,680 23,130 20,320 19,440 19,110 16,290 15,190 11,830 9,480 9,040 8,600 7,890 7,200 4,610 3,890 2,640
現行 38,480 38,480 38,150 37,740 37,520 37,520 37,190 36,630 35,970 35,970 35,100 34,770 33,720 32,860 32,530 30,920 29,990 28,930 28,930 28,600 28,270 27,600 26,290 25,750 25,750 25,420 24,870 23,820 21,690 20,100 19,550 17,250 16,370 15,380 12,600 11,830 11,830 9,480 9,040 8,600 7,560 4,610 3,210 2,920
川内
改定 39,620 39,620 39,290 38,700 38,480 38,480 38,150 37,590 36,930 36,930 36,060 35,730 35,300 33,240 32,910 31,890 31,120 29,700 29,700 29,370 29,040 28,370 28,040 26,160 26,160 25,830 25,280 24,230 23,680 20,540 19,990 19,440 16,840 15,850 12,600 11,830 11,830 9,480 9,040 8,600 7,560 4,610 3,210 2,920
現行 39,550 39,550 39,220 38,810 38,810 38,480 38,480 37,700 37,040 37,040 36,170 35,840 34,680 33,930 33,600 31,990 31,060 29,890 29,890 29,670 29,670 28,670 27,360 26,710 26,710 26,710 26,490 25,110 22,980 21,720 20,840 18,870 17,770 16,670 14,000 13,670 13,230 12,160 11,830 9,480 9,040 7,560 4,610 4,260 3,210
鹿児島中央 鹿児島中央
改定 40,690 40,690 40,360 39,770 39,770 39,440 39,440 38,660 38,000 38,000 37,130 36,800 36,260 34,310 33,980 32,960 32,190 30,660 30,660 30,440 30,440 29,440 29,110 27,120 27,120 27,120 26,900 25,520 24,970 22,160 21,280 21,060 18,240 17,140 14,000 13,670 13,230 12,160 11,830 9,480 9,040 7,560 4,610 4,260 3,210
※改定額は通常期にご利用の場合の発売額です。閑散期にご利用の場合は200円引き、繁忙期にご利用の場合は200円を加算、最繁忙期にご利用の場合は400円を加算します（東海道・山陽新幹線区間のみ）。
※全区間グリーン車を利用した場合の発売額です。新幹線を乗り継ぐ予約で、一部区間のみグリーン車をご利用の場合は、記載の発売額と異なる場合があります。
※上記の改定額は予定です。今後変更となる可能性がございます。
川内
=== page 8
1-2 EX予約サービス 発売額（単位:円）
■グリーン車用（ひかり・こだま・さくら・つばめ号ご利用時）:こども1名片道
東京
現行 1,720
品川 品川
改定 1,860
現行 1,890 1,850
新横浜 新横浜
改定 2,020 1,980
現行 2,400 2,310 2,130
小田原 小田原
改定 2,540 2,450 2,270
現行 2,530 2,530 2,310 1,850
熱海 熱海
改定 4,270 2,770 2,450 1,990
現行 4,000 4,000 2,480 1,980 1,800
三島 三島
改定 4,430 4,430 2,620 2,120 1,940
現行 4,550 4,550 4,320 2,220 2,020 1,890
新富士 新富士
改定 4,960 4,960 4,630 2,360 2,160 2,030
現行 4,930 4,930 4,650 2,480 2,310 2,130 1,930
静岡 静岡
改定 5,340 5,340 4,960 2,620 2,450 2,270 2,070
現行 6,830 6,830 6,670 4,840 4,670 4,510 2,400 2,070
掛川 掛川
改定 7,470 7,470 7,310 4,960 4,790 4,630 2,540 2,210
現行 7,050 7,050 6,830 5,060 4,840 4,670 4,510 2,310 1,890
浜松 浜松
改定 7,690 7,690 7,470 5,180 4,960 4,790 4,630 2,450 2,030
現行 7,380 7,380 7,220 6,770 5,220 5,060 4,840 4,510 2,220 1,980
豊橋 豊橋
改定 8,040 8,040 7,880 7,330 5,340 5,180 4,960 4,630 2,360 2,120
現行 8,480 8,480 8,370 7,610 7,390 7,230 5,220 4,840 4,510 2,310 2,020
三河安城 三河安城
改定 8,660 8,660 8,550 7,710 7,490 7,330 5,340 4,960 4,630 2,450 2,160
現行 8,810 8,810 8,480 7,840 7,680 7,510 7,130 5,220 4,670 4,510 2,310 1,880
名古屋 名古屋
改定 8,990 8,990 8,660 8,040 7,880 7,710 7,310 5,340 4,790 4,630 2,450 2,020
現行 8,920 8,920 8,810 8,470 7,940 7,780 7,610 7,230 5,060 4,670 4,510 2,130 1,930
岐阜羽島 岐阜羽島
改定 9,120 9,120 9,010 8,570 8,040 7,880 7,710 7,330 5,180 4,790 4,630 2,270 2,070
現行 10,570 10,570 10,290 8,910 8,740 8,580 7,940 7,780 7,230 5,220 4,840 4,510 2,310 2,070
米原 米原
改定 10,960 10,960 10,680 9,010 8,840 8,680 8,040 7,880 7,330 5,340 4,960 4,630 2,450 2,210
現行 11,390 11,390 11,050 10,610 10,500 8,920 8,810 8,480 7,840 7,510 7,130 5,060 4,710 4,380 2,220
京都 京都
改定 11,550 11,550 11,230 10,790 10,680 9,120 8,990 8,660 8,040 7,690 7,310 5,180 4,960 4,630 2,360
現行 11,660 11,660 11,500 10,890 10,780 10,610 10,500 8,810 8,480 7,840 7,680 7,290 5,090 4,710 4,380 1,920
新大阪 新大阪
改定 11,820 11,820 11,660 11,070 10,960 10,790 10,680 8,990 8,660 8,020 7,860 7,470 5,340 4,960 4,630 2,070
現行 11,940 11,940 11,770 11,490 11,150 10,990 10,880 10,420 8,910 8,520 7,940 7,610 7,190 5,220 4,840 2,190 1,960
新神戸 新神戸
改定 12,150 12,150 11,980 11,600 11,260 11,100 10,990 10,680 9,010 8,660 8,040 7,710 7,470 5,340 4,960 2,330 2,110
現行 13,510 13,510 12,040 11,600 11,490 11,150 10,990 10,530 9,020 8,680 8,410 7,780 7,410 7,030 5,060 2,440 2,110 1,840
西明石 西明石
改定 13,660 13,660 12,150 11,710 11,600 11,260 11,100 10,790 9,120 8,820 8,550 7,880 7,690 7,310 5,180 2,590 2,250 1,980
現行 13,660 13,660 13,550 11,870 11,600 11,600 11,150 10,810 10,420 8,960 8,680 8,410 7,640 7,470 5,220 4,670 2,400 2,130 1,930
姫路 姫路
改定 13,770 13,770 13,660 11,980 11,710 11,710 11,260 11,070 10,680 9,100 8,820 8,550 7,860 7,690 5,340 4,790 2,540 2,270 2,070
小倉
現行 13,660 13,660 13,550 12,040 11,870 11,760 11,490 10,970 10,530 10,320 8,850 8,520 7,940 7,780 7,230 4,840 4,510 2,310 2,130 1,850
相生 相生
改定 13,770 13,770 13,660 12,150 11,980 11,870 11,600 11,230 10,790 10,680 8,990 8,660 8,040 7,880 7,330 4,960 4,630 2,450 2,270 1,990
現行 14,210 14,210 14,050 13,740 13,630 13,630 12,040 11,410 11,140 10,710 10,430 8,960 8,850 8,520 7,940 7,200 5,060 4,840 4,670 2,400 2,220
岡山 岡山
改定 14,350 14,350 14,190 13,840 13,730 13,730 12,150 11,820 11,550 11,070 10,790 9,100 8,990 8,660 8,040 7,310 5,180 4,960 4,790 2,540 2,360
現行 14,210 14,210 14,210 13,740 13,740 13,630 12,420 11,870 11,600 11,300 10,970 9,490 9,020 8,910 8,470 7,590 5,780 5,060 4,840 4,510 2,480 1,660
新倉敷 新倉敷
改定 14,350 14,350 14,350 13,840 13,840 13,730 13,730 11,980 11,710 11,550 11,080 10,800 9,120 9,010 8,570 7,690 7,310 5,180 4,960 4,630 2,620 2,030
現行 14,380 14,380 14,380 14,050 13,910 13,740 13,740 13,450 11,870 11,410 11,130 10,860 10,690 9,020 8,740 7,750 7,340 7,230 5,060 4,840 4,670 2,130 1,700
福山 福山
改定 14,520 14,520 14,520 14,190 14,010 13,840 13,840 13,660 11,980 11,660 11,240 10,970 10,800 9,120 8,840 7,880 7,490 7,330 5,180 4,960 4,790 2,270 2,070
現行 14,780 14,780 14,510 14,340 14,180 13,910 13,740 13,450 12,040 11,570 11,300 10,970 10,860 9,380 8,910 7,920 7,560 7,390 5,220 5,060 4,840 2,310 1,900 1,620
新尾道 新尾道
改定 16,140 16,140 14,610 14,440 14,280 14,010 13,840 13,660 12,150 11,820 11,550 11,080 10,970 10,690 9,010 8,040 7,710 7,490 5,340 5,180 4,960 2,450 2,270 1,990
現行 14,780 14,780 14,510 14,340 14,180 14,180 13,740 13,560 12,040 11,680 11,410 11,130 10,860 9,490 8,910 8,270 7,730 7,390 5,830 5,060 4,840 2,400 1,990 1,700 1,530
三原 三原
改定 16,140 16,140 14,610 14,440 14,280 14,280 13,840 13,770 12,150 11,930 11,660 11,240 10,970 10,800 9,010 8,550 7,880 7,490 7,330 5,180 4,960 2,540 2,360 2,070 1,900
現行 14,890 14,890 14,780 14,510 14,340 14,340 14,180 13,730 12,240 12,010 11,680 11,410 11,130 9,770 9,380 8,740 8,420 7,780 6,210 5,830 5,220 3,170 2,780 2,080 1,900 1,750
東広島 東広島
改定 16,250 16,250 16,140 14,610 14,440 14,440 14,280 13,940 13,660 13,660 11,930 11,660 11,240 11,080 10,690 8,840 8,570 7,880 7,710 7,330 5,340 4,790 4,630 2,450 2,270 2,120
現行 15,590 15,590 15,420 15,310 14,510 14,510 14,340 13,730 13,560 13,220 13,220 11,570 11,380 11,130 10,860 9,010 8,530 8,440 7,920 7,590 7,370 5,060 4,670 4,510 2,170 2,080 1,700
広島 広島
改定 16,420 16,420 16,250 16,140 14,610 14,610 14,440 14,190 13,770 13,660 13,660 11,820 11,660 11,240 10,970 9,120 8,680 8,570 8,040 7,710 7,490 5,180 4,790 4,630 2,540 2,450 2,070
現行 16,040 16,040 15,870 15,600 14,960 14,960 14,510 14,340 14,180 13,740 13,740 12,040 11,750 11,480 11,150 9,490 8,860 8,740 8,580 7,940 7,780 5,830 5,060 4,840 2,940 2,780 2,080 1,790
新岩国 新岩国
改定 16,840 16,840 16,680 16,360 16,250 16,250 14,610 14,440 14,280 13,840 13,840 12,150 11,930 11,660 11,260 10,800 9,010 8,840 8,680 8,040 7,880 7,330 5,180 4,960 4,790 4,630 2,450 2,160
現行 16,210 16,210 16,030 15,770 15,770 15,600 15,600 15,490 14,340 14,340 13,910 13,740 12,620 11,920 11,640 10,830 10,500 9,020 8,910 8,740 8,580 7,610 5,990 5,220 3,560 3,560 3,170 2,480 1,900
徳山 徳山
改定 17,010 17,010 16,840 16,530 16,530 16,360 16,360 16,250 14,440 14,440 14,010 13,840 13,660 12,100 11,820 11,100 10,790 9,120 9,010 8,840 8,680 7,710 7,490 5,340 5,180 5,180 4,790 2,620 2,270
現行 16,640 16,640 16,360 16,030 16,030 15,870 15,770 15,600 14,670 14,510 14,340 13,910 12,730 12,620 11,920 11,180 10,780 10,540 10,260 9,020 8,910 7,940 7,780 7,610 5,990 5,830 5,060 4,670 2,480 2,020
新山口 新山口
改定 17,440 17,440 17,170 16,840 16,840 16,680 16,530 16,360 14,770 14,610 14,440 14,010 13,770 13,660 12,100 11,550 11,100 10,990 10,710 9,120 9,010 8,040 7,880 7,710 7,490 7,330 5,180 4,790 2,620 2,160
現行 16,980 16,980 16,610 16,370 16,370 16,200 16,200 15,770 14,960 14,960 14,510 14,340 13,140 12,970 12,320 11,610 11,280 10,650 10,540 9,510 9,180 8,580 8,470 7,780 6,210 6,210 5,390 5,060 3,170 2,310 1,750
厚狭 厚狭
改定 17,740 17,740 17,440 17,130 17,130 16,960 16,960 16,530 16,250 16,250 14,610 14,440 13,940 13,770 13,660 11,870 11,550 11,100 10,990 10,820 9,280 8,680 8,570 7,880 7,710 7,710 5,510 5,180 4,790 2,450 2,120
現行 17,090 17,090 16,780 16,610 16,370 16,370 16,200 16,040 15,070 14,960 14,510 14,340 13,300 13,140 12,430 11,720 11,390 10,980 10,810 9,680 9,510 8,910 8,580 8,110 6,540 6,380 5,990 5,220 3,340 3,010 1,990 1,660
新下関 新下関
改定 17,850 17,850 17,610 17,440 17,130 17,130 16,960 16,800 16,360 16,250 14,610 14,440 14,350 13,940 13,770 11,980 11,660 11,430 11,260 10,990 10,820 9,010 8,680 8,210 8,040 7,880 7,490 5,340 4,960 4,630 2,360 2,030
現行 17,130 17,130 16,890 16,610 16,610 16,370 16,370 16,200 15,770 15,600 15,490 14,510 13,300 13,140 12,970 11,910 11,550 11,260 10,810 10,650 10,540 8,910 8,740 8,580 8,110 7,940 7,610 7,200 5,060 4,670 2,400 1,840 1,570
小倉
改定 17,980 17,980 17,720 17,440 17,440 17,130 17,130 16,960 16,530 16,360 16,250 14,610 14,350 14,190 13,770 12,180 11,870 11,710 11,260 11,100 10,990 9,010 8,840 8,680 8,210 8,040 7,710 7,310 5,180 4,790 2,540 2,210 1,940
現行 17,460 17,460 17,290 17,090 16,980 16,980 16,810 16,370 16,200 16,200 15,770 15,600 15,070 14,380 14,210 13,070 12,690 11,700 11,530 11,260 11,150 10,540 9,510 9,020 8,910 8,740 8,470 7,920 6,210 5,220 4,840 3,010 2,400 2,220
博多 博多
改定 18,310 18,310 18,140 17,850 17,740 17,740 17,570 17,130 16,960 16,960 16,530 16,360 16,140 14,520 14,350 13,840 13,510 12,150 11,980 11,710 11,600 10,990 10,820 9,120 9,010 8,840 8,570 8,040 7,710 5,340 4,960 4,630 2,540 2,360
現行 19,280 19,280 19,120 18,910 18,750 18,750 18,640 18,190 18,030 17,860 17,430 17,260 16,840 16,200 16,040 14,900 14,470 13,490 13,330 13,160 13,050 12,280 11,270 10,800 10,640 10,640 10,360 9,730 7,950 7,160 6,670 4,860 4,230 3,690 1,910
新鳥栖 新鳥栖
改定 20,230 20,230 20,070 19,770 19,610 19,610 19,500 19,050 18,890 18,720 18,290 18,120 18,010 16,440 16,280 15,770 15,380 14,070 13,910 13,740 13,630 12,860 12,750 11,040 10,880 10,880 10,600 9,970 9,640 7,430 6,940 6,720 4,500 3,960 1,910
現行 19,290 19,290 19,130 18,920 18,760 18,760 18,650 18,200 18,040 17,870 17,600 17,270 16,850 16,210 16,050 14,910 14,480 13,500 13,500 13,170 13,060 12,450 11,280 10,920 10,810 10,650 10,370 9,850 7,960 7,170 6,840 4,870 4,400 3,850 2,010 1,740
久留米
久留米
改定 20,240 20,240 20,080 19,780 19,620 19,620 19,510 19,060 18,900 18,730 18,460 18,130 18,020 16,450 16,290 15,780 15,390 14,080 14,080 13,750 13,640 13,030 12,760 11,160 11,050 10,890 10,610 10,090 9,650 7,440 7,110 6,730 4,670 4,120 2,010 1,740
現行 19,520 19,520 19,520 19,150 19,150 18,990 18,990 18,600 18,430 18,270 17,830 17,670 17,080 16,440 16,280 15,140 14,700 13,830 13,720 13,560 13,390 12,670 11,610 11,150 11,040 11,040 10,770 10,080 8,350 7,620 7,070 5,320 4,630 4,080 2,190 1,870 1,820
筑後船小屋 筑後船小屋
改定 20,470 20,470 20,470 20,010 20,010 19,850 19,850 19,460 19,290 19,130 18,690 18,530 18,250 16,680 16,520 16,010 15,620 14,420 14,310 14,150 13,980 13,260 13,100 11,390 11,280 11,280 11,010 10,310 10,030 7,880 7,330 7,170 4,900 4,350 2,190 1,870 1,820
現行 19,940 19,940 19,770 19,570 19,400 19,400 19,240 18,850 18,680 18,520 18,080 17,920 17,500 16,800 16,690 15,550 15,120 14,080 13,970 13,970 13,810 13,090 12,020 11,570 11,400 11,400 11,130 10,490 8,770 8,040 7,490 5,730 5,050 4,490 2,530 2,060 1,960 1,820
新大牟田 新大牟田
改定 20,890 20,890 20,720 20,430 20,260 20,260 20,100 19,710 19,540 19,380 18,940 18,780 18,670 17,040 16,930 16,420 16,040 14,670 14,560 14,560 14,400 13,680 13,510 11,810 11,640 11,640 11,370 10,730 10,450 8,300 7,750 7,580 5,320 4,760 2,530 2,060 1,960 1,820
現行 19,950 19,950 19,950 19,580 19,580 19,410 19,410 18,970 18,860 18,690 18,260 18,090 17,510 16,810 16,700 15,560 15,130 14,260 14,090 13,980 13,980 13,210 12,200 11,690 11,580 11,580 11,300 10,670 8,890 8,210 7,660 5,910 5,280 4,670 2,800 2,530 2,440 2,010 1,870
新玉名
新玉名
改定 20,900 20,900 20,900 20,440 20,440 20,270 20,270 19,830 19,720 19,550 19,120 18,950 18,680 17,050 16,940 16,430 16,050 14,850 14,680 14,570 14,570 13,800 13,690 11,930 11,820 11,820 11,540 10,900 10,570 8,470 7,920 7,760 5,550 4,940 2,800 2,530 2,440 2,010 1,870
現行 22,010 22,010 21,840 21,640 21,470 21,470 21,310 20,860 20,750 20,750 20,320 20,150 19,570 18,870 18,710 17,620 17,130 16,100 16,100 15,940 15,830 15,330 14,100 13,860 13,700 13,530 13,260 12,790 10,980 10,220 9,890 7,810 7,430 6,880 4,840 2,720 2,720 2,530 2,100 1,910
熊本 熊本
改定 22,960 22,960 22,790 22,500 22,330 22,330 22,170 21,720 21,610 21,610 21,180 21,010 20,740 19,110 18,950 18,490 18,120 16,750 16,750 16,580 16,470 15,970 15,690 14,150 13,990 13,820 13,550 13,080 12,800 10,530 10,200 9,820 7,770 7,220 4,840 2,720 2,720 2,530 2,100 1,910
現行 22,130 22,130 22,020 21,820 21,650 21,650 21,490 21,040 20,880 20,770 20,330 20,170 19,750 19,050 18,890 17,800 17,310 16,280 16,120 16,120 15,950 15,510 14,390 13,990 13,880 13,880 13,550 12,910 11,110 10,510 10,070 8,210 7,610 7,060 5,190 5,020 4,840 2,800 2,720 2,530 1,960
新八代 新八代
改定 23,080 23,080 22,970 22,680 22,510 22,510 22,350 21,900 21,740 21,630 21,190 21,030 20,920 19,290 19,130 18,670 18,290 16,920 16,760 16,760 16,590 16,150 15,980 14,280 14,170 14,170 13,840 13,200 12,930 10,820 10,380 10,220 7,950 7,400 5,190 5,020 4,840 2,800 2,720 2,530 1,960
現行 22,710 22,710 22,550 22,400 22,230 22,230 22,070 21,620 21,460 21,290 20,910 20,750 20,330 19,630 19,470 18,330 17,880 16,850 16,850 16,690 16,520 16,190 15,130 14,840 14,680 14,570 14,290 13,600 11,800 11,200 10,930 8,950 8,580 8,020 5,990 5,770 5,550 5,190 5,020 4,840 2,630 2,060
新水俣
新水俣
改定 23,660 23,660 23,500 23,260 23,090 23,090 22,930 22,480 22,320 22,150 21,770 21,610 21,500 19,870 19,710 19,200 18,870 17,500 17,500 17,340 17,170 16,840 16,730 15,120 14,960 14,850 14,570 13,890 13,620 11,510 11,240 10,960 8,910 8,360 5,990 5,770 5,550 5,190 5,020 4,840 2,630 2,060
現行 24,410 24,410 24,410 24,100 24,100 23,930 23,930 23,490 23,320 23,160 22,720 22,610 22,030 21,330 21,170 20,030 19,550 18,540 18,540 18,380 18,380 17,880 16,790 16,520 16,360 16,360 16,080 15,450 13,590 13,040 12,600 10,680 10,250 9,690 7,850 5,990 5,770 5,550 5,190 4,840 2,800 2,440 1,820
出水 出水
改定 25,360 25,360 25,360 24,960 24,960 24,790 24,790 24,350 24,180 24,020 23,580 23,470 23,200 21,570 21,410 20,900 20,580 19,210 19,210 19,040 19,040 18,540 18,430 16,830 16,670 16,670 16,390 15,760 15,480 13,380 12,940 12,770 10,620 10,060 7,850 5,990 5,770 5,550 5,190 4,840 2,800 2,440 1,820
現行 24,580 24,580 24,410 24,210 24,100 24,100 23,930 23,650 23,320 23,320 22,890 22,720 22,190 21,500 21,330 20,190 19,660 18,710 18,710 18,540 18,380 18,040 16,900 16,690 16,690 16,520 16,250 15,720 13,870 13,150 12,870 10,850 10,520 10,020 8,240 7,850 7,850 5,990 5,770 5,550 5,020 2,800 2,100 1,960
川内 川内
改定 25,530 25,530 25,360 25,070 24,960 24,960 24,790 24,510 24,180 24,180 23,750 23,580 23,360 21,740 21,570 21,060 20,680 19,370 19,370 19,200 19,040 18,700 18,540 17,000 17,000 16,830 16,560 16,030 15,760 13,490 13,210 12,940 10,890 10,390 8,240 7,850 7,850 5,990 5,770 5,550 5,020 2,800 2,100 1,960
現行 25,120 25,120 24,950 24,750 24,750 24,580 24,580 24,190 23,860 23,860 23,430 23,260 22,680 22,040 21,870 20,730 20,190 19,180 19,180 19,070 19,070 18,570 17,430 17,170 17,170 17,170 17,060 16,370 14,520 13,960 13,520 11,660 11,230 10,670 8,940 8,780 8,560 8,020 7,850 5,990 5,770 5,020 2,800 2,630 2,100
鹿児島中央 鹿児島中央改定 26,070 26,070 25,900 25,610 25,610 25,440 25,440 25,050 24,720 24,720 24,290 24,120 23,850 22,280 22,110 21,600 21,220 19,850 19,850 19,740 19,740 19,240 19,080 17,480 17,480 17,480 17,370 16,670 16,400 14,300 13,860 13,750 11,600 11,040 8,940 8,780 8,560 8,020 7,850 5,990 5,770 5,020 2,800 2,630 2,100
※改定額は通常期にご利用の場合の発売額です。閑散期にご利用の場合は100円引き、繁忙期にご利用の場合は100円を加算、最繁忙期にご利用の場合は200円を加算します（東海道・山陽新幹線区間のみ）。
※全区間グリーン車を利用した場合の発売額です。新幹線を乗り継ぐ予約で、一部区間のみグリーン車をご利用の場合は、記載の発売額と異なる場合があります。
※上記の改定額は予定です。今後変更となる可能性がございます。
=== page 9
1-2 EX予約サービス 発売額（単位:円）
■自由席用:おとな1名片道
東京
現行 1,040
品川 品川
改定 1,050
改定 7,270 7,270 6,940 5,170 4,840 4,510 3,280 1,730
現行 1,380 1,290
新横浜 新横浜
改定 1,380 1,290
現行 3,280 3,100 1,980
小田原 小田原
改定 3,280 3,100 1,980
現行 3,540 3,540 3,100 1,290
熱海 熱海
改定 3,540 3,540 3,100 1,290
現行 3,870 3,870 3,450 2,440 1,200
三島 三島
改定 3,870 3,870 3,450 2,440 1,200
現行 4,970 4,970 4,510 2,930 2,530 1,380
新富士 新富士
改定 4,970 4,970 4,510 2,930 2,530 1,380
現行 5,740 5,740 5,170 3,450 3,100 1,980 1,460
静岡 静岡
改定 5,740 5,740 5,170 3,450 3,100 1,980 1,460
現行 7,270 7,270 6,940 5,170 4,840 4,510 3,280 1,730
掛川
掛川
現行 7,710 7,710 7,270 5,610 5,170 4,840 4,510 2,330 1,380
浜松 浜松
改定 7,710 7,710 7,270 5,610 5,170 4,840 4,510 2,330 1,380
現行 8,370 8,370 8,040 7,140 5,940 5,610 5,170 4,510 2,930 1,550
豊橋 豊橋
改定 8,370 8,370 8,040 7,140 5,940 5,610 5,170 4,510 2,930 1,550
現行 9,650 9,650 9,430 7,910 7,470 7,140 5,940 5,170 4,510 3,100 1,640
三河安城 三河安城
改定 9,650 9,650 9,430 7,910 7,470 7,140 5,940 5,170 4,510 3,100 1,640
現行 10,310 10,310 9,650 8,370 8,040 7,710 6,940 5,940 4,840 4,510 2,330 1,350
名古屋 名古屋
改定 10,310 10,310 9,650 8,370 8,040 7,710 6,940 5,940 4,840 4,510 2,330 1,350
現行 10,530 10,530 10,310 9,630 8,570 8,240 7,910 7,140 5,610 4,840 4,510 2,750 1,460
岐阜羽島 岐阜羽島
改定 10,530 10,530 10,310 9,630 8,570 8,240 7,910 7,140 5,610 4,840 4,510 2,750 1,460
現行 11,430 11,430 10,880 10,510 10,180 9,850 8,570 8,240 7,140 5,940 5,170 4,510 3,100 1,730
米原 米原
改定 11,430 11,430 10,880 10,510 10,180 9,850 8,570 8,240 7,140 5,940 5,170 4,510 3,100 1,730
現行 13,070 13,070 12,400 11,520 11,300 10,530 10,310 9,650 8,370 7,710 6,940 5,610 4,910 4,250 2,160
京都 京都
改定 13,070 13,070 12,400 11,520 11,300 10,530 10,310 9,650 8,370 7,710 6,940 5,610 4,910 4,250 2,160
現行 13,620 13,620 13,290 12,070 11,850 11,520 11,300 10,310 9,650 8,370 8,040 7,270 5,680 4,910 4,250 1,440
新大阪 新大阪
改定 13,620 13,620 13,290 12,070 11,850 11,520 11,300 10,310 9,650 8,370 8,040 7,270 5,680 4,910 4,250 1,450
現行 14,170 14,170 13,840 13,270 12,600 12,270 12,050 11,140 10,510 9,720 8,570 7,910 7,070 5,940 5,170 2,860 1,520
新神戸 新神戸
改定 14,170 14,170 13,840 13,270 12,600 12,270 12,050 11,140 10,510 9,720 8,570 7,910 7,070 5,940 5,170 2,870 1,530
現行 14,890 14,890 14,370 13,490 13,270 12,600 12,270 11,360 10,730 10,050 9,500 8,240 7,510 6,740 5,610 3,370 2,700 1,270
西明石 西明石
改定 14,890 14,890 14,370 13,490 13,270 12,600 12,270 11,360 10,730 10,050 9,500 8,240 7,510 6,740 5,610 3,380 2,710 1,280
現行 15,190 15,190 14,970 14,040 13,490 13,490 12,600 11,910 11,140 10,600 10,050 9,500 7,970 7,640 5,940 4,840 3,280 2,750 1,460
姫路 姫路
改定 15,190 15,190 14,970 14,040 13,490 13,490 12,600 11,910 11,140 10,600 10,050 9,500 7,970 7,640 5,940 4,840 3,280 2,750 1,460
現行 15,190 15,190 14,970 14,370 14,040 13,820 13,270 12,240 11,360 10,930 10,380 9,720 8,570 8,240 7,140 5,170 4,510 3,100 2,750 1,290
相生 相生
改定 15,190 15,190 14,970 14,370 14,040 13,820 13,270 12,240 11,360 10,930 10,380 9,720 8,570 8,240 7,140 5,170 4,510 3,100 2,750 1,290
現行 16,300 16,300 15,970 15,360 15,140 15,140 14,370 13,120 12,570 11,700 11,150 10,600 10,380 9,720 8,570 7,090 5,610 5,170 4,840 3,280 2,160
岡山 岡山
改定 16,300 16,300 15,970 15,360 15,140 15,140 14,370 13,120 12,570 11,700 11,150 10,600 10,380 9,720 8,570 7,090 5,610 5,170 4,840 3,280 2,160
現行 16,300 16,300 16,300 15,360 15,360 15,140 15,140 14,040 13,490 12,890 12,230 11,680 10,730 10,510 9,630 7,860 7,040 5,610 5,170 4,510 3,450 1,380
新倉敷 新倉敷
改定 16,300 16,300 16,300 15,360 15,360 15,140 15,140 14,040 13,490 12,890 12,230 11,680 10,730 10,510 9,630 7,860 7,040 5,610 5,170 4,510 3,450 1,380
現行 16,630 16,630 16,630 15,970 15,690 15,360 15,360 14,780 14,040 13,110 12,560 12,010 11,680 10,730 10,180 8,190 7,370 7,140 5,610 5,170 4,840 2,750 1,460
福山 福山
改定 16,630 16,630 16,630 15,970 15,690 15,360 15,360 14,780 14,040 13,110 12,560 12,010 11,680 10,730 10,180 8,190 7,370 7,140 5,610 5,170 4,840 2,750 1,460
現行 17,440 17,440 16,890 16,560 16,230 15,690 15,360 14,780 14,370 13,440 12,890 12,230 12,010 11,460 10,510 8,520 7,810 7,470 5,940 5,610 5,170 3,100 2,750 1,290
新尾道 新尾道
改定 17,440 17,440 16,890 16,560 16,230 15,690 15,360 14,780 14,370 13,440 12,890 12,230 12,010 11,460 10,510 8,520 7,810 7,470 5,940 5,610 5,170 3,100 2,750 1,290
現行 17,440 17,440 16,890 16,560 16,230 16,230 15,360 15,000 14,370 13,660 13,110 12,560 12,010 11,680 10,510 9,230 8,140 7,470 7,140 5,610 5,170 3,280 2,930 1,460 1,110
三原 三原
改定 17,440 17,440 16,890 16,560 16,230 16,230 15,360 15,000 14,370 13,660 13,110 12,560 12,010 11,680 10,510 9,230 8,140 7,470 7,140 5,610 5,170 3,280 2,930 1,460 1,110
現行 17,660 17,660 17,440 16,890 16,560 16,560 16,230 15,330 14,780 14,320 13,660 13,110 12,560 12,230 11,460 10,170 9,520 8,240 7,910 7,140 5,940 4,840 4,510 3,100 2,750 1,550
東広島 東広島
改定 17,660 17,660 17,440 16,890 16,560 16,560 16,230 15,330 14,780 14,320 13,660 13,110 12,560 12,230 11,460 10,170 9,520 8,240 7,910 7,140 5,940 4,840 4,510 3,100 2,750 1,550
現行 17,990 17,990 17,660 17,440 16,890 16,890 16,560 15,330 15,000 14,320 14,320 13,440 13,060 12,560 12,010 10,720 9,740 9,570 8,520 7,860 7,420 5,610 4,840 4,510 3,280 2,330 1,460
広島 広島
改定 17,990 17,990 17,660 17,440 16,890 16,890 16,560 15,330 15,000 14,320 14,320 13,440 13,060 12,560 12,010 10,720 9,740 9,570 8,520 7,860 7,420 5,610 4,840 4,510 3,280 2,330 1,460
現行 18,900 18,900 18,540 18,010 17,790 17,790 16,890 16,560 16,230 15,360 15,360 14,370 13,790 13,240 12,600 11,670 10,400 10,170 9,840 8,570 8,240 7,140 5,610 5,170 4,840 4,510 3,100 1,640
新岩国 新岩国
改定 18,900 18,900 18,540 18,010 17,790 17,790 16,890 16,560 16,230 15,360 15,360 14,370 13,790 13,240 12,600 11,670 10,400 10,170 9,840 8,570 8,240 7,140 5,610 5,170 4,840 4,510 3,100 1,640
現行 19,230 19,230 18,870 18,340 18,340 18,010 18,010 17,790 16,560 16,560 15,690 15,360 14,450 14,120 13,570 12,270 11,620 10,720 10,500 10,170 9,840 7,910 7,470 5,940 5,610 5,610 4,840 3,450 1,860
徳山 徳山
改定 19,230 19,230 18,870 18,340 18,340 18,010 18,010 17,790 16,560 16,560 15,690 15,360 14,450 14,120 13,570 12,270 11,620 10,720 10,500 10,170 9,840 7,910 7,470 5,940 5,610 5,610 4,840 3,450 1,860
現行 20,090 20,090 19,530 18,870 18,870 18,540 18,340 18,010 17,220 16,890 16,560 15,690 14,670 14,450 14,120 12,970 12,170 12,050 11,500 10,720 10,500 8,570 8,240 7,910 7,470 7,140 5,610 4,840 3,450 1,640
新山口 新山口
改定 20,090 20,090 19,530 18,870 18,870 18,540 18,340 18,010 17,220 16,890 16,560 15,690 14,670 14,450 14,120 12,970 12,170 12,050 11,500 10,720 10,500 8,570 8,240 7,910 7,470 7,140 5,610 4,840 3,450 1,640
現行 20,760 20,760 20,030 19,540 19,540 19,210 19,210 18,340 17,790 17,790 16,890 16,560 15,480 15,150 14,930 13,820 13,170 12,270 12,050 11,720 11,050 9,840 9,620 8,240 7,910 7,910 6,270 5,610 4,840 3,100 1,550
厚狭 厚狭
改定 20,760 20,760 20,030 19,540 19,540 19,210 19,210 18,340 17,790 17,790 16,890 16,560 15,480 15,150 14,930 13,820 13,170 12,270 12,050 11,720 11,050 9,840 9,620 8,240 7,910 7,910 6,270 5,610 4,840 3,100 1,550
現行 20,980 20,980 20,360 20,030 19,540 19,540 19,210 18,880 18,010 17,790 16,890 16,560 15,810 15,480 15,150 14,040 13,390 12,930 12,600 12,050 11,720 10,500 9,840 8,900 8,570 8,240 7,470 5,940 5,170 4,510 2,160 1,380
新下関 新下関
改定 20,980 20,980 20,360 20,030 19,540 19,540 19,210 18,880 18,010 17,790 16,890 16,560 15,810 15,480 15,150 14,040 13,390 12,930 12,600 12,050 11,720 10,500 9,840 8,900 8,570 8,240 7,470 5,940 5,170 4,510 2,160 1,380
現行 21,060 21,060 20,580 20,030 20,030 19,540 19,540 19,210 18,340 18,010 17,790 16,890 15,810 15,480 15,150 14,420 13,720 13,490 12,600 12,270 12,050 10,500 10,170 9,840 8,900 8,570 7,910 7,090 5,610 4,840 3,280 2,620 1,200
小倉 小倉
改定 21,060 21,060 20,580 20,030 20,030 19,540 19,540 19,210 18,340 18,010 17,790 16,890 15,810 15,480 15,150 14,420 13,720 13,490 12,600 12,270 12,050 10,500 10,170 9,840 8,900 8,570 7,910 7,090 5,610 4,840 3,280 2,620 1,200
現行 21,720 21,720 21,390 20,980 20,760 20,760 20,430 19,540 19,210 19,210 18,340 18,010 16,960 16,630 16,300 15,360 14,600 14,370 14,040 13,490 13,270 12,050 11,720 10,720 10,500 10,170 9,620 8,520 7,910 5,940 5,170 4,510 3,280 2,160
博多 博多
改定 21,720 21,720 21,390 20,980 20,760 20,760 20,430 19,540 19,210 19,210 18,340 18,010 16,960 16,630 16,300 15,360 14,600 14,370 14,040 13,490 13,270 12,050 11,720 10,720 10,500 10,170 9,620 8,520 7,910 5,940 5,170 4,510 3,280 2,160
現行 22,980 22,980 22,650 22,240 21,910 21,910 21,690 20,800 20,470 20,140 19,270 18,940 18,110 17,890 17,560 16,620 15,850 15,630 15,300 14,970 14,750 13,200 12,980 11,980 11,650 11,650 11,100 9,830 9,170 7,530 6,540 6,100 4,670 3,610 1,440
新鳥栖 新鳥栖
改定 22,980 22,980 22,650 22,240 21,910 21,910 21,690 20,800 20,470 20,140 19,270 18,940 18,110 17,890 17,560 16,620 15,850 15,630 15,300 14,970 14,750 13,200 12,980 11,980 11,650 11,650 11,100 9,830 9,170 7,530 6,540 6,100 4,670 3,610 1,440
現行 23,000 23,000 22,670 22,260 21,930 21,930 21,710 20,820 20,490 20,160 19,620 18,960 18,130 17,910 17,580 16,640 15,870 15,650 15,650 14,990 14,770 13,550 13,000 12,220 12,000 11,670 11,120 10,070 9,190 7,550 6,890 6,120 5,020 3,920 1,630 1,100
久留米 久留米
改定 23,000 23,000 22,670 22,260 21,930 21,930 21,710 20,820 20,490 20,160 19,620 18,960 18,130 17,910 17,580 16,640 15,870 15,650 15,650 14,990 14,770 13,550 13,000 12,220 12,000 11,670 11,120 10,070 9,190 7,550 6,890 6,120 5,020 3,920 1,630 1,100
現行 23,450 23,450 23,450 22,710 22,710 22,380 22,380 21,600 21,270 20,940 20,070 19,740 18,580 18,360 18,030 17,090 16,320 16,320 16,100 15,770 15,440 14,000 13,670 12,670 12,450 12,450 11,900 10,520 9,970 8,440 7,340 7,010 5,470 4,370 2,390 1,740 1,250
筑後船小屋
改定 23,450 23,450 23,450 22,710 22,710 22,380 22,380 21,600 21,270 20,940 20,070 19,740 18,580 18,360 18,030 17,090 16,320 16,320 16,100 15,770 15,440 14,000 13,670 12,670 12,450 12,450 11,900 10,520 9,970 8,440 7,340 7,010 5,470 4,370 2,390 1,740 1,250
現行 24,280 24,280 23,950 23,540 23,210 23,210 22,880 22,100 21,770 21,440 20,570 20,240 19,410 19,080 18,860 17,920 17,150 16,820 16,600 16,600 16,270 14,830 14,500 13,500 13,170 13,170 12,620 11,350 10,800 9,270 8,170 7,840 6,300 5,200 3,070 2,120 1,920 1,250
新大牟田 新大牟田
改定 24,280 24,280 23,950 23,540 23,210 23,210 22,880 22,100 21,770 21,440 20,570 20,240 19,410 19,080 18,860 17,920 17,150 16,820 16,600 16,600 16,270 14,830 14,500 13,500 13,170 13,170 12,620 11,350 10,800 9,270 8,170 7,840 6,300 5,200 3,070 2,120 1,920 1,250
現行 24,300 24,300 24,300 23,560 23,560 23,230 23,230 22,340 22,120 21,790 20,920 20,590 19,430 19,100 18,880 17,940 17,170 17,170 16,840 16,620 16,620 15,070 14,850 13,740 13,520 13,520 12,970 11,700 11,040 9,620 8,520 8,190 6,760 5,550 3,610 3,070 2,890 2,020 1,350
新玉名 新玉名
改定 24,300 24,300 24,300 23,560 23,560 23,230 23,230 22,340 22,120 21,790 20,920 20,590 19,430 19,100 18,880 17,940 17,170 17,170 16,840 16,620 16,620 15,070 14,850 13,740 13,520 13,520 12,970 11,700 11,040 9,620 8,520 8,190 6,760 5,550 3,610 3,070 2,890 2,020 1,350
現行 25,430 25,430 25,100 24,690 24,360 24,360 24,030 23,140 22,920 22,920 22,050 21,720 20,560 20,230 19,900 19,070 18,300 17,970 17,970 17,640 17,420 16,420 15,870 15,200 14,870 14,540 13,990 13,050 12,500 10,750 10,090 9,320 8,220 7,120 4,700 3,440 3,440 3,070 2,210 1,440
熊本
改定 25,430 25,430 25,100 24,690 24,360 24,360 24,030 23,140 22,920 22,920 22,050 21,720 20,560 20,230 19,900 19,070 18,300 17,970 17,970 17,640 17,420 16,420 15,870 15,200 14,870 14,540 13,990 13,050 12,500 10,750 10,090 9,320 8,220 7,120 4,700 3,440 3,440 3,070 2,210 1,440
現行 25,680 25,680 25,460 25,050 24,720 24,720 24,390 23,500 23,170 22,950 22,080 21,750 20,920 20,590 20,260 19,430 18,660 18,330 18,000 18,000 17,670 16,780 16,450 15,450 15,230 15,230 14,570 13,300 12,750 11,330 10,450 10,120 8,580 7,480 5,390 5,060 4,700 3,610 3,440 3,070 1,530
新八代 新八代
改定 25,680 25,680 25,460 25,050 24,720 24,720 24,390 23,500 23,170 22,950 22,080 21,750 20,920 20,590 20,260 19,430 18,660 18,330 18,000 18,000 17,670 16,780 16,450 15,450 15,230 15,230 14,570 13,300 12,750 11,330 10,450 10,120 8,580 7,480 5,390 5,060 4,700 3,610 3,440 3,070 1,530
現行 26,830 26,830 26,500 26,200 25,870 25,870 25,540 24,650 24,320 23,990 23,230 22,900 22,070 21,740 21,410 20,470 19,810 19,480 19,480 19,150 18,820 18,150 17,930 17,150 16,820 16,600 16,050 14,670 14,120 12,700 12,150 11,600 10,500 9,400 6,980 6,540 6,100 5,390 5,060 4,700 3,260 2,120
新水俣 新水俣
改定 26,830 26,830 26,500 26,200 25,870 25,870 25,540 24,650 24,320 23,990 23,230 22,900 22,070 21,740 21,410 20,470 19,810 19,480 19,480 19,150 18,820 18,150 17,930 17,150 16,820 16,600 16,050 14,670 14,120 12,700 12,150 11,600 10,500 9,400 6,980 6,540 6,100 5,390 5,060 4,700 3,260 2,120
現行 27,460 27,460 27,460 26,830 26,830 26,500 26,500 25,610 25,280 24,950 24,080 23,860 22,700 22,370 22,040 21,100 20,440 20,110 20,110 19,780 19,780 18,780 18,560 17,780 17,450 17,450 16,900 15,630 15,080 13,660 12,780 12,450 11,130 10,030 7,940 6,980 6,540 6,100 5,390 4,700 3,610 2,890 1,640
出水
改定 27,460 27,460 27,460 26,830 26,830 26,500 26,500 25,610 25,280 24,950 24,080 23,860 22,700 22,370 22,040 21,100 20,440 20,110 20,110 19,780 19,780 18,780 18,560 17,780 17,450 17,450 16,900 15,630 15,080 13,660 12,780 12,450 11,130 10,030 7,940 6,980 6,540 6,100 5,390 4,700 3,610 2,890 1,640
現行 27,790 27,790 27,460 27,050 26,830 26,830 26,500 25,940 25,280 25,280 24,410 24,080 23,030 22,700 22,370 21,430 20,660 20,440 20,440 20,110 19,780 19,110 18,780 18,110 18,110 17,780 17,230 16,180 15,630 13,880 13,330 12,780 11,680 10,690 8,710 7,940 7,940 6,980 6,540 6,100 5,060 3,610 2,210 1,920
川内 川内
改定 27,790 27,790 27,460 27,050 26,830 26,830 26,500 25,940 25,280 25,280 24,410 24,080 23,030 22,700 22,370 21,430 20,660 20,440 20,440 20,110 19,780 19,110 18,780 18,110 18,110 17,780 17,230 16,180 15,630 13,880 13,330 12,780 11,680 10,690 8,710 7,940 7,940 6,980 6,540 6,100 5,060 3,610 2,210 1,920
現行 28,860 28,860 28,530 28,120 28,120 27,790 27,790 27,010 26,350 26,350 25,480 25,150 23,990 23,770 23,440 22,500 21,730 21,400 21,400 21,180 21,180 20,180 19,850 19,070 19,070 19,070 18,850 17,470 16,920 15,500 14,620 14,400 13,080 11,980 10,110 9,780 9,340 8,270 7,940 6,980 6,540 5,060 3,610 3,260 1,820
鹿児島中央 鹿児島中央
改定 28,860 28,860 28,530 28,120 28,120 27,790 27,790 27,010 26,350 26,350 25,480 25,150 23,990 23,770 23,440 22,500 21,730 21,400 21,400 21,180 21,180 20,180 19,850 19,070 19,070 19,070 18,850 17,470 16,920 15,500 14,620 14,400 13,080 11,980 10,110 9,780 9,340 8,270 7,940 6,980 6,540 5,060 3,610 3,260 1,820
※上記の改定額は予定です。今後変更となる可能性がございます。
筑後船小屋
熊本
出水
=== page 10
1-2 EX予約サービス 発売額（単位:円）
■自由席用:こども1名片道
東京
現行 510
品川 品川
改定 520
現行 680 640
新横浜 新横浜
改定 680 640
現行 1,640 1,550 980
小田原 小田原
改定 1,640 1,550 980
現行 1,770 1,770 1,550 640
熱海 熱海
改定 1,770 1,770 1,550 640
現行 1,930 1,930 1,720 1,220 590
三島 三島
改定 1,930 1,930 1,720 1,220 590
現行 2,480 2,480 2,250 1,460 1,260 680
新富士 新富士
改定 2,480 2,480 2,250 1,460 1,260 680
現行 2,860 2,860 2,580 1,720 1,550 980 720
静岡 静岡
改定 2,860 2,860 2,580 1,720 1,550 980 720
現行 3,630 3,630 3,470 2,580 2,410 2,250 1,640 860
掛川 掛川
改定 3,630 3,630 3,470 2,580 2,410 2,250 1,640 860
現行 3,850 3,850 3,630 2,800 2,580 2,410 2,250 1,160 680
浜松 浜松
改定 3,850 3,850 3,630 2,800 2,580 2,410 2,250 1,160 680
現行 4,180 4,180 4,020 3,570 2,960 2,800 2,580 2,250 1,460 770
豊橋 豊橋
改定 4,180 4,180 4,020 3,570 2,960 2,800 2,580 2,250 1,460 770
現行 4,820 4,820 4,710 3,950 3,730 3,570 2,960 2,580 2,250 1,550 810
三河安城 三河安城
改定 4,820 4,820 4,710 3,950 3,730 3,570 2,960 2,580 2,250 1,550 810
現行 5,150 5,150 4,820 4,180 4,020 3,850 3,470 2,960 2,410 2,250 1,160 670
名古屋 名古屋
改定 5,150 5,150 4,820 4,180 4,020 3,850 3,470 2,960 2,410 2,250 1,160 670
現行 5,260 5,260 5,150 4,810 4,280 4,120 3,950 3,570 2,800 2,410 2,250 1,370 720
岐阜羽島 岐阜羽島
改定 5,260 5,260 5,150 4,810 4,280 4,120 3,950 3,570 2,800 2,410 2,250 1,370 720
現行 5,710 5,710 5,430 5,250 5,080 4,920 4,280 4,120 3,570 2,960 2,580 2,250 1,550 860
米原 米原
改定 5,710 5,710 5,430 5,250 5,080 4,920 4,280 4,120 3,570 2,960 2,580 2,250 1,550 860
現行 6,530 6,530 6,190 5,750 5,640 5,260 5,150 4,820 4,180 3,850 3,470 2,800 2,450 2,120 1,070
京都 京都
改定 6,530 6,530 6,190 5,750 5,640 5,260 5,150 4,820 4,180 3,850 3,470 2,800 2,450 2,120 1,070
現行 6,800 6,800 6,640 6,030 5,920 5,750 5,640 5,150 4,820 4,180 4,020 3,630 2,830 2,450 2,120 710
新大阪 新大阪
改定 6,800 6,800 6,640 6,030 5,920 5,750 5,640 5,150 4,820 4,180 4,020 3,630 2,830 2,450 2,120 720
現行 7,080 7,080 6,910 6,630 6,290 6,130 6,020 5,560 5,250 4,860 4,280 3,950 3,530 2,960 2,580 1,430 750
新神戸 新神戸
改定 7,080 7,080 6,910 6,630 6,290 6,130 6,020 5,560 5,250 4,860 4,280 3,950 3,530 2,960 2,580 1,430 760
現行 7,440 7,440 7,180 6,740 6,630 6,290 6,130 5,670 5,360 5,020 4,750 4,120 3,750 3,370 2,800 1,680 1,350 630
西明石 西明石
改定 7,440 7,440 7,180 6,740 6,630 6,290 6,130 5,670 5,360 5,020 4,750 4,120 3,750 3,370 2,800 1,690 1,350 630
現行 7,590 7,590 7,480 7,010 6,740 6,740 6,290 5,950 5,560 5,300 5,020 4,750 3,980 3,810 2,960 2,410 1,640 1,370 720
姫路 姫路
改定 7,590 7,590 7,480 7,010 6,740 6,740 6,290 5,950 5,560 5,300 5,020 4,750 3,980 3,810 2,960 2,410 1,640 1,370 720
現行 7,590 7,590 7,480 7,180 7,010 6,900 6,630 6,110 5,670 5,460 5,190 4,860 4,280 4,120 3,570 2,580 2,250 1,550 1,370 640
相生 相生
改定 7,590 7,590 7,480 7,180 7,010 6,900 6,630 6,110 5,670 5,460 5,190 4,860 4,280 4,120 3,570 2,580 2,250 1,550 1,370 640
現行 8,140 8,140 7,980 7,670 7,560 7,560 7,180 6,550 6,280 5,850 5,570 5,300 5,190 4,860 4,280 3,540 2,800 2,580 2,410 1,640 1,070
岡山 岡山
改定 8,140 8,140 7,980 7,670 7,560 7,560 7,180 6,550 6,280 5,850 5,570 5,300 5,190 4,860 4,280 3,540 2,800 2,580 2,410 1,640 1,070
現行 8,140 8,140 8,140 7,670 7,670 7,560 7,560 7,010 6,740 6,440 6,110 5,830 5,360 5,250 4,810 3,930 3,520 2,800 2,580 2,250 1,720 680
新倉敷 新倉敷
改定 8,140 8,140 8,140 7,670 7,670 7,560 7,560 7,010 6,740 6,440 6,110 5,830 5,360 5,250 4,810 3,920 3,520 2,800 2,580 2,250 1,720 680
現行 8,310 8,310 8,310 7,980 7,840 7,670 7,670 7,380 7,010 6,550 6,270 6,000 5,830 5,360 5,080 4,090 3,680 3,570 2,800 2,580 2,410 1,370 720
福山 福山
改定 8,310 8,310 8,310 7,980 7,840 7,670 7,670 7,380 7,010 6,550 6,270 6,000 5,830 5,360 5,080 4,090 3,680 3,570 2,800 2,580 2,410 1,370 720
現行 8,710 8,710 8,440 8,270 8,110 7,840 7,670 7,380 7,180 6,710 6,440 6,110 6,000 5,720 5,250 4,260 3,900 3,730 2,960 2,800 2,580 1,550 1,370 640
新尾道 新尾道
改定 8,710 8,710 8,440 8,270 8,110 7,840 7,670 7,380 7,180 6,710 6,440 6,110 6,000 5,720 5,250 4,250 3,900 3,730 2,960 2,800 2,580 1,550 1,370 640
現行 8,710 8,710 8,440 8,270 8,110 8,110 7,670 7,490 7,180 6,820 6,550 6,270 6,000 5,830 5,250 4,610 4,070 3,730 3,570 2,800 2,580 1,640 1,460 720 550
三原 三原
改定 8,710 8,710 8,440 8,270 8,110 8,110 7,670 7,490 7,180 6,820 6,550 6,270 6,000 5,830 5,250 4,610 4,070 3,730 3,570 2,800 2,580 1,640 1,460 720 550
現行 8,820 8,820 8,710 8,440 8,270 8,270 8,110 7,660 7,380 7,150 6,820 6,550 6,270 6,110 5,720 5,080 4,760 4,120 3,950 3,570 2,960 2,410 2,250 1,550 1,370 770
東広島 東広島
改定 8,820 8,820 8,710 8,440 8,270 8,270 8,110 7,660 7,380 7,150 6,820 6,550 6,270 6,110 5,720 5,080 4,760 4,120 3,950 3,570 2,960 2,410 2,250 1,550 1,370 770
現行 10,860 10,860 10,690 10,490 10,380 10,380 10,210 9,770 9,600 9,600 9,170 9,000 8,470 8,310 8,140 7,670 7,290 7,180 7,010 6,740 6,630 6,020 5,850 5,360 5,250 5,080 4,810 4,260 3,950 2,960 2,580 2,250 1,640 1,070
博多 博多
改定 10,860 10,860 10,690 10,490 10,380 10,380 10,210 9,770 9,600 9,600 9,170 9,000 8,470 8,310 8,140 7,670 7,290 7,180 7,010 6,740 6,630 6,020 5,850 5,360 5,250 5,080 4,810 4,250 3,950 2,960 2,580 2,250 1,640 1,070
現行 11,720 11,720 11,720 11,350 11,350 11,190 11,190 10,800 10,630 10,470 10,030 9,870 9,280 9,170 9,010 8,540 8,150 8,150 8,040 7,880 7,710 6,990 6,830 6,330 6,220 6,220 5,950 5,260 4,980 4,210 3,660 3,500 2,730 2,180 1,190 870 620
筑後船小屋 筑後船小屋
改定 11,720 11,720 11,720 11,350 11,350 11,190 11,190 10,800 10,630 10,470 10,030 9,870 9,280 9,170 9,010 8,540 8,150 8,150 8,040 7,880 7,710 6,990 6,830 6,330 6,220 6,220 5,950 5,260 4,980 4,210 3,660 3,500 2,730 2,180 1,190 870 620
現行 14,430 14,430 14,260 14,060 14,060 13,890 13,890 13,500 13,170 13,170 12,740 12,570 11,990 11,880 11,710 11,240 10,860 10,690 10,690 10,580 10,580 10,080 9,920 9,530 9,530 9,530 9,420 8,730 8,460 7,740 7,300 7,190 6,540 5,980 5,050 4,890 4,670 4,130 3,960 3,490 3,270 2,520 1,800 1,630 900
鹿児島中央 鹿児島中央
改定 14,430 14,430 14,260 14,060 14,060 13,890 13,890 13,500 13,170 13,170 12,740 12,570 11,990 11,880 11,710 11,240 10,860 10,690 10,690 10,580 10,580 10,080 9,920 9,530 9,530 9,530 9,420 8,730 8,460 7,740 7,300 7,190 6,540 5,980 5,050 4,890 4,670 4,130 3,960 3,490 3,270 2,520 1,800 1,630 900
現行 8,990 8,990 8,820 8,710 8,440 8,440 8,270 7,660 7,490 7,150 7,150 6,710 6,520 6,270 6,000 5,350 4,870 4,780 4,260 3,930 3,710 2,800 2,410 2,250 1,640 1,160 720
広島 広島
改定 8,990 8,990 8,820 8,710 8,440 8,440 8,270 7,660 7,490 7,150 7,150 6,710 6,530 6,270 6,000 5,360 4,870 4,780 4,250 3,920 3,700 2,800 2,410 2,250 1,640 1,160 720
現行 9,440 9,440 9,270 9,000 8,890 8,890 8,440 8,270 8,110 7,670 7,670 7,180 6,890 6,620 6,290 5,830 5,200 5,080 4,920 4,280 4,120 3,570 2,800 2,580 2,410 2,250 1,550 810
新岩国 新岩国
改定 9,440 9,440 9,270 9,000 8,890 8,890 8,440 8,270 8,110 7,670 7,670 7,180 6,890 6,620 6,290 5,830 5,200 5,080 4,920 4,280 4,120 3,570 2,800 2,580 2,410 2,250 1,550 810
現行 9,610 9,610 9,430 9,170 9,170 9,000 9,000 8,890 8,270 8,270 7,840 7,670 7,220 7,060 6,780 6,130 5,800 5,360 5,250 5,080 4,920 3,950 3,730 2,960 2,800 2,800 2,410 1,720 920
徳山 徳山
改定 9,610 9,610 9,430 9,170 9,170 9,000 9,000 8,890 8,270 8,270 7,840 7,670 7,220 7,060 6,780 6,130 5,800 5,360 5,250 5,080 4,920 3,950 3,730 2,960 2,800 2,800 2,410 1,720 920
現行 10,040 10,040 9,760 9,430 9,430 9,270 9,170 9,000 8,600 8,440 8,270 7,840 7,330 7,220 7,060 6,480 6,080 6,020 5,740 5,360 5,250 4,280 4,120 3,950 3,730 3,570 2,800 2,410 1,720 810
新山口 新山口
改定 10,040 10,040 9,760 9,430 9,430 9,270 9,170 9,000 8,600 8,440 8,270 7,840 7,330 7,220 7,060 6,480 6,080 6,020 5,740 5,360 5,250 4,280 4,120 3,950 3,730 3,570 2,800 2,410 1,720 810
現行 10,380 10,380 10,010 9,770 9,770 9,600 9,600 9,170 8,890 8,890 8,440 8,270 7,740 7,570 7,460 6,910 6,580 6,130 6,020 5,850 5,520 4,920 4,810 4,120 3,950 3,950 3,130 2,800 2,410 1,550 770
厚狭 厚狭
改定 10,380 10,380 10,010 9,770 9,770 9,600 9,600 9,170 8,890 8,890 8,440 8,270 7,740 7,570 7,460 6,900 6,580 6,130 6,020 5,850 5,520 4,920 4,810 4,120 3,950 3,950 3,130 2,800 2,410 1,550 770
現行 10,490 10,490 10,180 10,010 9,770 9,770 9,600 9,440 9,000 8,890 8,440 8,270 7,900 7,740 7,570 7,020 6,690 6,460 6,290 6,020 5,850 5,250 4,920 4,450 4,280 4,120 3,730 2,960 2,580 2,250 1,070 680
新下関 新下関
改定 10,490 10,490 10,180 10,010 9,770 9,770 9,600 9,440 9,000 8,890 8,440 8,270 7,900 7,740 7,570 7,010 6,690 6,460 6,290 6,020 5,850 5,250 4,920 4,450 4,280 4,120 3,730 2,960 2,580 2,250 1,070 680
現行 10,530 10,530 10,290 10,010 10,010 9,770 9,770 9,600 9,170 9,000 8,890 8,440 7,900 7,740 7,570 7,210 6,850 6,740 6,290 6,130 6,020 5,250 5,080 4,920 4,450 4,280 3,950 3,540 2,800 2,410 1,640 1,310 590
小倉 小倉
改定 10,530 10,530 10,290 10,010 10,010 9,770 9,770 9,600 9,170 9,000 8,890 8,440 7,900 7,740 7,570 7,210 6,850 6,740 6,290 6,130 6,020 5,250 5,080 4,920 4,450 4,280 3,950 3,540 2,800 2,410 1,640 1,310 590
熊本
※上記の改定額は予定です。今後変更となる可能性がございます。
現行 11,480 11,480 11,320 11,110 10,950 10,950 10,840 10,390 10,230 10,060 9,630 9,460 9,040 8,930 8,770 8,300 7,920 7,810 7,650 7,480 7,370 6,600 6,490 5,980 5,820 5,820 5,540 4,910 4,580 3,750 3,260 3,040 2,330 1,790 710
新鳥栖 新鳥栖
改定 11,480 11,480 11,320 11,110 10,950 10,950 10,840 10,390 10,230 10,060 9,630 9,460 9,040 8,930 8,770 8,300 7,920 7,810 7,650 7,480 7,370 6,600 6,490 5,980 5,820 5,820 5,540 4,910 4,580 3,750 3,260 3,040 2,330 1,790 710
現行 11,490 11,490 11,330 11,120 10,960 10,960 10,850 10,400 10,240 10,070 9,800 9,470 9,050 8,940 8,780 8,310 7,930 7,820 7,820 7,490 7,380 6,770 6,500 6,100 5,990 5,830 5,550 5,030 4,590 3,760 3,430 3,050 2,500 1,950 810 540
久留米 久留米
改定 11,490 11,490 11,330 11,120 10,960 10,960 10,850 10,400 10,240 10,070 9,800 9,470 9,050 8,940 8,780 8,310 7,930 7,820 7,820 7,490 7,380 6,770 6,500 6,100 5,990 5,830 5,550 5,030 4,590 3,760 3,430 3,050 2,500 1,950 810 540
現行 12,140 12,140 11,970 11,770 11,600 11,600 11,440 11,050 10,880 10,720 10,280 10,120 9,700 9,530 9,420 8,950 8,570 8,400 8,290 8,290 8,130 7,410 7,240 6,750 6,580 6,580 6,310 5,670 5,400 4,630 4,080 3,910 3,150 2,590 1,530 1,060 960 620
新大牟田 新大牟田
改定 12,140 12,140 11,970 11,770 11,600 11,600 11,440 11,050 10,880 10,720 10,280 10,120 9,700 9,530 9,420 8,950 8,570 8,400 8,290 8,290 8,130 7,410 7,240 6,750 6,580 6,580 6,310 5,670 5,400 4,630 4,080 3,910 3,150 2,590 1,530 1,060 960 620
現行 12,150 12,150 12,150 11,780 11,780 11,610 11,610 11,170 11,060 10,890 10,460 10,290 9,710 9,540 9,430 8,960 8,580 8,580 8,410 8,300 8,300 7,530 7,420 6,870 6,760 6,760 6,480 5,850 5,520 4,800 4,250 4,090 3,380 2,770 1,800 1,530 1,440 1,010 670
新玉名 新玉名
改定 12,150 12,150 12,150 11,780 11,780 11,610 11,610 11,170 11,060 10,890 10,460 10,290 9,710 9,540 9,430 8,960 8,580 8,580 8,410 8,300 8,300 7,530 7,420 6,870 6,760 6,760 6,480 5,850 5,520 4,800 4,250 4,090 3,380 2,770 1,800 1,530 1,440 1,010 670
現行 12,710 12,710 12,540 12,340 12,170 12,170 12,010 11,560 11,450 11,450 11,020 10,850 10,270 10,100 9,940 9,520 9,150 8,980 8,980 8,820 8,710 8,210 7,930 7,590 7,430 7,260 6,990 6,520 6,240 5,360 5,030 4,650 4,100 3,550 2,340 1,720 1,720 1,530 1,100 710
熊本
改定 12,710 12,710 12,540 12,340 12,170 12,170 12,010 11,560 11,450 11,450 11,020 10,850 10,270 10,100 9,940 9,520 9,150 8,980 8,980 8,820 8,710 8,210 7,930 7,590 7,430 7,260 6,990 6,520 6,240 5,360 5,030 4,650 4,100 3,550 2,340 1,720 1,720 1,530 1,100 710
現行 12,830 12,830 12,720 12,520 12,350 12,350 12,190 11,740 11,580 11,470 11,030 10,870 10,450 10,280 10,120 9,700 9,330 9,160 9,000 9,000 8,830 8,390 8,220 7,720 7,610 7,610 7,280 6,640 6,370 5,650 5,210 5,050 4,280 3,730 2,690 2,520 2,340 1,800 1,720 1,530 760
新八代 新八代
改定 12,830 12,830 12,720 12,520 12,350 12,350 12,190 11,740 11,580 11,470 11,030 10,870 10,450 10,280 10,120 9,700 9,330 9,160 9,000 9,000 8,830 8,390 8,220 7,720 7,610 7,610 7,280 6,640 6,370 5,650 5,210 5,050 4,280 3,730 2,690 2,520 2,340 1,800 1,720 1,530 760
現行 13,410 13,410 13,250 13,100 12,930 12,930 12,770 12,320 12,160 11,990 11,610 11,450 11,030 10,860 10,700 10,230 9,900 9,730 9,730 9,570 9,400 9,070 8,960 8,570 8,410 8,300 8,020 7,330 7,060 6,340 6,070 5,790 5,250 4,690 3,490 3,270 3,050 2,690 2,520 2,340 1,630 1,060
新水俣 新水俣
改定 13,410 13,410 13,250 13,100 12,930 12,930 12,770 12,320 12,160 11,990 11,610 11,450 11,030 10,860 10,700 10,230 9,900 9,730 9,730 9,570 9,400 9,070 8,960 8,570 8,410 8,300 8,020 7,330 7,060 6,340 6,070 5,790 5,250 4,690 3,490 3,270 3,050 2,690 2,520 2,340 1,630 1,060
現行 13,720 13,720 13,720 13,410 13,410 13,240 13,240 12,800 12,630 12,470 12,030 11,920 11,340 11,170 11,010 10,540 10,220 10,050 10,050 9,890 9,890 9,390 9,280 8,880 8,720 8,720 8,440 7,810 7,530 6,820 6,380 6,210 5,560 5,000 3,960 3,490 3,270 3,050 2,690 2,340 1,800 1,440 820
出水 出水
改定 13,720 13,720 13,720 13,410 13,410 13,240 13,240 12,800 12,630 12,470 12,030 11,920 11,340 11,170 11,010 10,540 10,220 10,050 10,050 9,890 9,890 9,390 9,280 8,880 8,720 8,720 8,440 7,810 7,530 6,820 6,380 6,210 5,560 5,000 3,960 3,490 3,270 3,050 2,690 2,340 1,800 1,440 820
現行 13,890 13,890 13,720 13,520 13,410 13,410 13,240 12,960 12,630 12,630 12,200 12,030 11,500 11,340 11,170 10,700 10,330 10,220 10,220 10,050 9,890 9,550 9,390 9,050 9,050 8,880 8,610 8,080 7,810 6,930 6,650 6,380 5,830 5,330 4,350 3,960 3,960 3,490 3,270 3,050 2,520 1,800 1,100 960
川内 川内
改定 13,890 13,890 13,720 13,520 13,410 13,410 13,240 12,960 12,630 12,630 12,200 12,030 11,500 11,340 11,170 10,700 10,330 10,220 10,220 10,050 9,890 9,550 9,390 9,050 9,050 8,880 8,610 8,080 7,810 6,930 6,650 6,380 5,830 5,330 4,350 3,960 3,960 3,490 3,270 3,050 2,520 1,800 1,100 960
=== page 11
1-3 EX予約サービス（往復割引）発売額（単位:円）
■普通車指定席／G特典（のぞみ・みずほ号ご利用時）:おとな1名片道
東京
品川 新横浜 名古屋 京都
新大阪
現行 13,710 13,710
西明石
改定 14,850 14,850
現行 13,980 13,980 13,790
姫路
改定 15,040 15,040 14,850
現行 15,030 15,030 14,730
岡山
改定 16,150 16,150 15,850
現行 15,330 15,330 15,330
福山
改定 16,660 16,660 16,660
現行 16,600 16,600 16,300
広島
改定 17,990 17,990 17,690
現行 17,770 17,770 17,440 13,270
徳山
改定 19,310 19,310 19,010 15,160
現行 18,600 18,600 18,040 13,460
新山口
改定 20,140 20,140 19,610 15,350
現行 19,510 19,510 19,030 14,540
小倉
改定 21,150 21,150 20,630 16,460
現行 20,110 20,110 19,810 15,620 14,150 13,520
博多
改定 21,750 21,750 21,450 17,590 15,400 14,660
※東海道・山陽新幹線の全区間にて「のぞみ」「みずほ」を利用した場合の発売額です。改定額は、新幹線を乗り継ぐ予約で、一部区間のみ「のぞみ」「みずほ」をご利用の場合に、記載の発売額と
異なる場合があります。
※改定額は通常期にご利用の場合の発売額です。閑散期にご利用の場合は200円引き、繁忙期にご利用の場合は200円を加算、最繁忙期にご利用の場合は400円を加算します（東海道・
山陽新幹線区間のみ）。※上記の改定額は予定です。今後変更となる可能性がございます。
=== page 12
1-3 EX予約サービス（往復割引）発売額（単位:円）
■普通車指定席／G特典（のぞみ・みずほ号ご利用時）:こども1名片道
東京 品川 新横浜 京都 新大阪 名古屋
現行 6,850 6,850
西明石
改定 7,420 7,420
現行 6,990 6,990 6,890
姫路
改定 7,520 7,520 7,420
現行 7,500 7,500 7,360
岡山
改定 8,060 8,060 7,920
現行 7,660 7,660 7,660
福山
改定 8,330 8,330 8,330
現行 8,290 8,290 8,140
広島
改定 8,990 8,990 8,840
現行 8,880 8,880 8,720 6,630
徳山
改定 9,650 9,650 9,500 7,570
現行 9,290 9,290 9,010 6,730
新山口
改定 10,060 10,060 9,790 7,670
現行 9,750 9,750 9,510 7,260
小倉
改定 10,570 10,570 10,310 8,220
現行 10,050 10,050 9,900 7,800 7,070 6,750
博多
改定 10,870 10,870 10,720 8,790 7,700 7,320
※東海道・山陽新幹線の全区間にて「のぞみ」「みずほ」を利用した場合の発売額です。改定額は、新幹線を乗り継ぐ予約で、一部区間のみ「のぞみ」「みずほ」をご利用の場合に、記載の発売額と
異なる場合があります。
※改定額は通常期にご利用の場合の発売額です。閑散期にご利用の場合は100円引き、繁忙期にご利用の場合は100円を加算、最繁忙期にご利用の場合は200円を加算します（東海道・
山陽新幹線区間のみ）。※上記の改定額は予定です。今後変更となる可能性がございます。
=== page 13
1-3 EX予約サービス（往復割引）発売額（単位:円）
■グリーン車用（のぞみ・みずほ号ご利用時）:おとな1名片道
東京
名古屋
品川 新横浜 京都 新大阪
現行 19,780 19,780
西明石
改定 20,920 20,920
現行 20,050 20,050 19,860
姫路
改定 21,110 21,110 20,920
現行 21,100 21,100 20,800
岡山
改定 22,220 22,220 21,920
現行 21,400 21,400 21,400
福山
改定 22,730 22,730 22,730
現行 23,200 23,200 22,900
広島
改定 25,250 25,250 24,950
現行 24,370 24,370 24,040 18,670
徳山
改定 26,570 26,570 26,270 21,230
現行 25,200 25,200 24,640 18,860
新山口
改定 27,400 27,400 26,870 21,420
現行 26,110 26,110 25,630 19,940
小倉
改定 28,410 28,410 27,890 22,530
現行 26,710 26,710 26,410 22,220 19,550 18,920
博多
改定 29,010 29,010 28,710 24,850 21,470 20,730
※東海道・山陽新幹線の全区間にて「のぞみ」「みずほ」を利用した場合の発売額です。改定額は、新幹線を乗り継ぐ予約で、一部区間のみ「のぞみ」「みずほ」をご利用の場合に、記載の発売額と
異なる場合があります。
※改定額は通常期にご利用の場合の発売額です。閑散期にご利用の場合は200円引き、繁忙期にご利用の場合は200円を加算、最繁忙期にご利用の場合は400円を加算します（東海道・
山陽新幹線区間のみ）。
※全区間グリーン車を利用した場合の発売額です。新幹線を乗り継ぐ予約で、一部区間のみグリーン車をご利用の場合は、記載の発売額と異なる場合があります。
※上記の改定額は予定です。今後変更となる可能性がございます。
=== page 14
1-3 EX予約サービス（往復割引）発売額（単位:円）
■グリーン車用（のぞみ・みずほ号ご利用時）:こども1名片道
東京 品川 新横浜 名古屋 京都 新大阪
現行 12,920 12,920
西明石
改定 13,490 13,490
現行 13,060 13,060 12,960
姫路
改定 13,590 13,590 13,490
現行 13,570 13,570 13,430
岡山
改定 14,130 14,130 13,990
現行 13,730 13,730 13,730
福山
改定 14,400 14,400 14,400
現行 14,890 14,890 14,740
広島
改定 16,250 16,250 16,100
現行 15,480 15,480 15,320 12,030
徳山
改定 16,910 16,910 16,760 13,640
現行 15,890 15,890 15,610 12,130
新山口
改定 17,320 17,320 17,050 13,740
現行 16,350 16,350 16,110 12,660
小倉
改定 17,830 17,830 17,570 14,290
現行 16,650 16,650 16,500 14,400 12,470 12,150
博多
改定 18,130 18,130 17,980 16,050 13,770 13,390
※東海道・山陽新幹線の全区間にて「のぞみ」「みずほ」を利用した場合の発売額です。改定額は、新幹線を乗り継ぐ予約で、一部区間のみ「のぞみ」「みずほ」をご利用の場合に、記載の発売額と
異なる場合があります。
※改定額は通常期にご利用の場合の発売額です。閑散期にご利用の場合は100円引き、繁忙期にご利用の場合は100円を加算、最繁忙期にご利用の場合は200円を加算します（東海道・
山陽新幹線区間のみ）。
※全区間グリーン車を利用した場合の発売額です。新幹線を乗り継ぐ予約で、一部区間のみグリーン車をご利用の場合は、記載の発売額と異なる場合があります。
※上記の改定額は予定です。今後変更となる可能性がございます。
=== page 15
1-4 EX予約サービス（往復割引）発売額（単位:円）
■普通車指定席／G特典（ひかり・こだま・さくら・つばめ号ご利用時）:おとな1名片道
東京 三島 新富士 静岡 掛川 新神戸
品川 新横浜 小田原 熱海
三河安城 名古屋 岐阜羽島 米原 浜松 豊橋 京都
新大阪
西明石 姫路 相生 岡山
新倉敷 福山 新尾道 三原 東広島
現行 13,710 13,710
西明石
改定 14,210 14,210
現行 13,980 13,980 13,790
姫路
改定 14,400 14,400 14,210
現行 13,980 13,980 13,790
相生
改定 14,400 14,400 14,210
現行 15,030 15,030 14,730 14,150 13,960 13,960
岡山
改定 15,510 15,510 15,210 14,550 14,360 14,360
現行 15,030 15,030 15,030 14,150 14,150 13,960 13,960
新倉敷
改定 15,510 15,510 15,510 14,550 14,550 14,360 14,360
現行 15,330 15,330 15,330 14,730 14,450 14,150 14,150 13,600
福山
改定 15,810 15,810 15,810 15,210 14,850 14,550 14,550 14,210
現行 16,100 16,100 15,590 15,290 14,990 14,450 14,150 13,600
新尾道
改定 16,640 16,640 15,990 15,690 15,390 14,850 14,550 14,210
現行 16,100 16,100 15,590 15,290 14,990 14,990 14,150 13,790
三原
改定 16,640 16,640 15,990 15,690 15,390 15,390 14,550 14,400
現行 16,300 16,300 16,100 15,590 15,290 15,290 14,990 14,090 13,600 13,140
東広島
改定 16,840 16,840 16,640 15,990 15,690 15,690 15,390 14,700 14,210 14,210
現行 16,600 16,600 16,300 16,100 15,590 15,590 15,290 14,090 13,790 13,140 13,140
広島
改定 17,140 17,140 16,840 16,640 15,990 15,990 15,690 15,210 14,400 14,210 14,210
現行 17,470 17,470 17,150 16,650 16,450 16,450 15,590 15,290 14,990 14,150 14,150
新岩国
改定 17,950 17,950 17,660 17,050 16,850 16,850 15,990 15,690 15,390 14,550 14,550
現行 17,770 17,770 17,440 16,950 16,950 16,650 16,650 16,450 15,290 15,290 14,450 14,150 13,270
徳山
改定 18,250 18,250 17,950 17,350 17,350 17,050 17,050 16,850 15,690 15,690 14,850 14,550 14,210
現行 18,600 18,600 18,040 17,440 17,440 17,150 16,950 16,650 15,880 15,590 15,290 14,450 13,460 13,270
新山口
改定 19,080 19,080 18,550 17,950 17,950 17,660 17,350 17,050 16,280 15,990 15,690 14,850 14,400 14,210
現行 19,240 19,240 18,540 18,080 18,080 17,780 17,780 16,950 16,450 16,450 15,590 15,290 14,240 13,940 13,750
厚狭
改定 19,640 19,640 19,080 18,480 18,480 18,180 18,180 17,350 16,850 16,850 15,990 15,690 14,700 14,400 14,210
現行 19,430 19,430 18,840 18,540 18,080 18,080 17,780 17,490 16,650 16,450 15,590 15,290 14,540 14,240 13,940
新下関
改定 19,830 19,830 19,380 19,080 18,480 18,480 18,180 17,890 17,050 16,850 15,990 15,690 15,510 14,700 14,400
現行 19,510 19,510 19,030 18,540 18,540 18,080 18,080 17,780 16,950 16,650 16,450 15,590 14,540 14,240 13,940
小倉
改定 20,090 20,090 19,570 19,080 19,080 18,480 18,480 18,180 17,350 17,050 16,850 15,990 15,510 15,210 14,400
現行 20,110 20,110 19,810 19,430 19,240 19,240 18,940 18,080 17,780 17,780 16,950 16,650 15,620 15,330 15,030 14,150 13,520
博多
改定 20,690 20,690 20,390 19,830 19,640 19,640 19,340 18,480 18,180 18,180 17,350 17,050 16,640 15,810 15,510 14,550 13,920
現行 21,530 21,530 21,230 20,850 20,560 20,560 20,360 19,500 19,210 18,910 18,070 17,770 16,940 16,750 16,450 15,580 14,840 14,640
新鳥栖
改定 21,910 21,910 21,610 21,050 20,760 20,760 20,560 19,700 19,410 19,110 18,270 17,970 17,760 17,030 16,730 15,780 15,040 14,840
現行 21,550 21,550 21,250 20,870 20,580 20,580 20,380 19,520 19,220 18,930 18,390 17,790 16,960 16,760 16,470 15,590 14,860 14,660
久留米
改定 21,930 21,930 21,630 21,070 20,780 20,780 20,580 19,720 19,420 19,130 18,590 17,990 17,780 17,040 16,750 15,790 15,060 14,860
現行 21,990 21,990 21,990 21,320 21,320 21,020 21,020 20,260 19,960 19,670 18,830 18,530 17,410 17,210 16,910 16,040 15,300 15,300 15,100
筑後船小屋
改定 22,370 22,370 22,370 21,520 21,520 21,220 21,220 20,460 20,160 19,870 19,030 18,730 18,230 17,490 17,190 16,240 15,500 15,500 15,300
現行 22,790 22,790 22,490 22,110 21,820 21,820 21,520 20,760 20,460 20,170 19,330 19,030 18,200 17,910 17,710 16,830 16,100 15,800 15,600
新大牟田
改定 23,170 23,170 22,870 22,310 22,020 22,020 21,720 20,960 20,660 20,370 19,530 19,230 19,020 18,190 17,990 17,030 16,300 16,000 15,800
現行 22,810 22,810 22,810 22,130 22,130 21,830 21,830 20,980 20,780 20,480 19,650 19,350 18,220 17,920 17,730 16,850 16,120 16,120 15,820 15,620 15,620
新玉名
改定 23,190 23,190 23,190 22,330 22,330 22,030 22,030 21,180 20,980 20,680 19,850 19,550 19,040 18,200 18,010 17,050 16,320 16,320 16,020 15,820 15,820
現行 23,900 23,900 23,600 23,230 22,930 22,930 22,630 21,770 21,580 21,580 20,740 20,440 19,320 19,020 18,720 17,950 17,210 16,910 16,910 16,620 16,420
熊本
改定 24,280 24,280 23,980 23,430 23,130 23,130 22,830 21,970 21,780 21,780 20,940 20,640 20,140 19,300 19,000 18,150 17,410 17,110 17,110 16,820 16,620
現行 24,120 24,120 23,930 23,550 23,250 23,250 22,960 22,100 21,800 21,600 20,770 20,470 19,640 19,340 19,050 18,270 17,530 17,240 16,940 16,940 16,640
新八代
改定 24,500 24,500 24,310 23,750 23,450 23,450 23,160 22,300 22,000 21,800 20,970 20,670 20,460 19,620 19,330 18,470 17,730 17,440 17,140 17,140 16,840
現行 25,230 25,230 24,930 24,660 24,360 24,360 24,060 23,200 22,910 22,610 21,870 21,580 20,750 20,450 20,150 19,280 18,640 18,340 18,340 18,050 17,750 17,110 16,910
新水俣
改定 25,610 25,610 25,310 24,860 24,560 24,560 24,260 23,400 23,110 22,810 22,070 21,780 21,570 20,730 20,430 19,480 18,840 18,540 18,540 18,250 17,950 17,310 17,110
現行 25,860 25,860 25,860 25,290 25,290 24,990 24,990 24,130 23,830 23,540 22,700 22,500 21,380 21,080 20,780 19,910 19,270 18,970 18,970 18,680 18,680 17,740 17,540
出水
改定 26,240 26,240 26,240 25,490 25,490 25,190 25,190 24,330 24,030 23,740 22,900 22,700 22,200 21,360 21,060 20,110 19,470 19,170 19,170 18,880 18,880 17,940 17,740
現行 26,160 26,160 25,860 25,480 25,290 25,290 24,990 24,430 23,830 23,830 23,000 22,700 21,670 21,380 21,080 20,200 19,470 19,270 19,270 18,970 18,680 18,040 17,740 17,090 17,090
川内
改定 26,540 26,540 26,240 25,680 25,490 25,490 25,190 24,630 24,030 24,030 23,200 22,900 22,490 21,660 21,360 20,400 19,670 19,470 19,470 19,170 18,880 18,240 17,940 17,290 17,290
現行 27,180 27,180 26,890 26,510 26,510 26,210 26,210 25,450 24,860 24,860 24,020 23,730 22,600 22,400 22,100 21,230 20,490 20,200 20,200 20,000 20,000 19,060 18,770 18,020 18,020 18,020 17,820
鹿児島中央
改定 27,560 27,560 27,270 26,710 26,710 26,410 26,410 25,650 25,060 25,060 24,220 23,930 23,420 22,680 22,380 21,430 20,690 20,400 20,400 20,200 20,200 19,260 18,970 18,220 18,220 18,220 18,020
※改定額は通常期にご利用の場合の発売額です。閑散期にご利用の場合は200円引き、繁忙期にご利用の場合は200円を加算、最繁忙期にご利用の場合は400円を加算します（東海道・山陽新幹線区間のみ）。
※上記の改定額は予定です。今後変更となる可能性がございます。
=== page 16
1-4 EX予約サービス（往復割引）発売額（単位:円）
■普通車指定席／G特典（ひかり・こだま・さくら・つばめ号ご利用時）:こども1名片道
東京 浜松 豊橋 西明石 姫路 相生 岡山 新倉敷
品川 新横浜 京都 新大阪 福山 新尾道 三河安城 名古屋 岐阜羽島 米原 三原
小田原 熱海 三島 新富士 静岡 掛川
新神戸
東広島
現行 6,850 6,850
西明石
改定 7,100 7,100
現行 6,990 6,990 6,890
姫路
改定 7,200 7,200 7,100
現行 6,990 6,990 6,890
相生
改定 7,200 7,200 7,100
現行 7,500 7,500 7,360 7,070 6,970 6,970
岡山
改定 7,740 7,740 7,600 7,270 7,170 7,170
現行 7,500 7,500 7,500 7,070 7,070 6,970 6,970
新倉敷
改定 7,740 7,740 7,740 7,270 7,270 7,170 7,170
現行 7,660 7,660 7,660 7,360 7,220 7,070 7,070 6,790
福山
改定 7,900 7,900 7,900 7,600 7,420 7,270 7,270 7,100
現行 8,040 8,040 7,790 7,630 7,490 7,220 7,070 6,790
新尾道
改定 8,310 8,310 7,990 7,830 7,690 7,420 7,270 7,100
現行 8,040 8,040 7,790 7,630 7,490 7,490 7,070 6,890
三原
改定 8,310 8,310 7,990 7,830 7,690 7,690 7,270 7,200
現行 8,140 8,140 8,040 7,790 7,630 7,630 7,490 7,040 6,790 6,560
東広島
改定 8,410 8,410 8,310 7,990 7,830 7,830 7,690 7,350 7,100 7,100
現行 8,290 8,290 8,140 8,040 7,790 7,790 7,630 7,040 6,890 6,560 6,560
広島
改定 8,560 8,560 8,410 8,310 7,990 7,990 7,830 7,600 7,200 7,100 7,100
現行 8,730 8,730 8,570 8,320 8,220 8,220 7,790 7,630 7,490 7,070 7,070
新岩国
改定 8,970 8,970 8,820 8,520 8,420 8,420 7,990 7,830 7,690 7,270 7,270
現行 8,880 8,880 8,720 8,470 8,470 8,320 8,320 8,220 7,630 7,630 7,220 7,070 6,630
徳山
改定 9,120 9,120 8,970 8,670 8,670 8,520 8,520 8,420 7,830 7,830 7,420 7,270 7,100
現行 9,290 9,290 9,010 8,720 8,720 8,570 8,470 8,320 7,930 7,790 7,630 7,220 6,730 6,630
新山口
改定 9,530 9,530 9,260 8,970 8,970 8,820 8,670 8,520 8,130 7,990 7,830 7,420 7,200 7,100
現行 9,620 9,620 9,260 9,040 9,040 8,890 8,890 8,470 8,220 8,220 7,790 7,630 7,120 6,970 6,870
厚狭
改定 9,820 9,820 9,530 9,240 9,240 9,090 9,090 8,670 8,420 8,420 7,990 7,830 7,350 7,200 7,100
現行 9,710 9,710 9,420 9,260 9,040 9,040 8,890 8,740 8,320 8,220 7,790 7,630 7,260 7,120 6,970
新下関
改定 9,910 9,910 9,690 9,530 9,240 9,240 9,090 8,940 8,520 8,420 7,990 7,830 7,740 7,350 7,200
現行 9,750 9,750 9,510 9,260 9,260 9,040 9,040 8,890 8,470 8,320 8,220 7,790 7,260 7,120 6,970
小倉
改定 10,040 10,040 9,780 9,530 9,530 9,240 9,240 9,090 8,670 8,520 8,420 7,990 7,740 7,600 7,200
現行 10,050 10,050 9,900 9,710 9,620 9,620 9,460 9,040 8,890 8,890 8,470 8,320 7,800 7,660 7,500 7,070 6,750
博多
改定 10,340 10,340 10,190 9,910 9,820 9,820 9,660 9,240 9,090 9,090 8,670 8,520 8,310 7,900 7,740 7,270 6,950
現行 10,750 10,750 10,610 10,420 10,270 10,270 10,170 9,740 9,600 9,440 9,030 8,880 8,460 8,360 8,210 7,780 7,410 7,310
新鳥栖
改定 10,940 10,940 10,800 10,520 10,370 10,370 10,270 9,840 9,700 9,540 9,130 8,980 8,870 8,500 8,350 7,880 7,500 7,400
現行 10,760 10,760 10,620 10,420 10,280 10,280 10,180 9,750 9,600 9,450 9,180 8,880 8,460 8,370 8,220 7,780 7,420 7,320
久留米
改定 10,950 10,950 10,810 10,520 10,380 10,380 10,280 9,850 9,700 9,550 9,280 8,980 8,870 8,510 8,360 7,880 7,510 7,410
現行 10,990 10,990 10,990 10,650 10,650 10,510 10,510 10,130 9,980 9,830 9,410 9,260 8,690 8,590 8,450 8,010 7,640 7,640 7,540
筑後船小屋
改定 11,180 11,180 11,180 10,750 10,750 10,610 10,610 10,230 10,080 9,930 9,510 9,360 9,100 8,730 8,590 8,110 7,740 7,740 7,640
現行 11,390 11,390 11,240 11,050 10,900 10,900 10,760 10,380 10,230 10,080 9,660 9,510 9,090 8,940 8,840 8,410 8,040 7,890 7,790
新大牟田
改定 11,580 11,580 11,430 11,150 11,000 11,000 10,860 10,480 10,330 10,180 9,760 9,610 9,500 9,080 8,980 8,510 8,140 7,990 7,890
現行 11,400 11,400 11,400 11,060 11,060 10,910 10,910 10,490 10,390 10,230 9,820 9,670 9,100 8,950 8,850 8,410 8,050 8,050 7,900 7,800 7,800
新玉名
改定 11,590 11,590 11,590 11,160 11,160 11,010 11,010 10,590 10,490 10,330 9,920 9,770 9,510 9,090 8,990 8,510 8,150 8,150 8,000 7,900 7,900
現行 11,940 11,940 11,790 11,610 11,450 11,450 11,310 10,880 10,780 10,780 10,360 10,210 9,650 9,490 9,350 8,960 8,600 8,450 8,450 8,310 8,210
熊本
改定 12,130 12,130 11,980 11,710 11,550 11,550 11,410 10,980 10,880 10,880 10,460 10,310 10,060 9,630 9,490 9,060 8,700 8,550 8,550 8,400 8,300
現行 12,050 12,050 11,950 11,770 11,610 11,610 11,470 11,040 10,890 10,790 10,370 10,230 9,810 9,650 9,510 9,120 8,760 8,610 8,470 8,470 8,310
新八代
改定 12,240 12,240 12,140 11,870 11,710 11,710 11,570 11,140 10,990 10,890 10,470 10,330 10,220 9,790 9,650 9,220 8,850 8,700 8,560 8,560 8,400
現行 12,610 12,610 12,460 12,330 12,170 12,170 12,030 11,600 11,450 11,300 10,930 10,790 10,370 10,210 10,070 9,630 9,310 9,160 9,160 9,020 8,860 8,550 8,450
新水俣
改定 12,800 12,800 12,650 12,430 12,270 12,270 12,130 11,700 11,550 11,400 11,030 10,890 10,780 10,350 10,210 9,730 9,410 9,260 9,260 9,120 8,960 8,650 8,550
現行 12,920 12,920 12,920 12,640 12,640 12,480 12,480 12,060 11,910 11,760 11,340 11,240 10,680 10,520 10,380 9,940 9,630 9,480 9,480 9,340 9,340 8,870 8,770
出水
改定 13,110 13,110 13,110 12,740 12,740 12,580 12,580 12,160 12,010 11,860 11,440 11,340 11,090 10,660 10,520 10,040 9,730 9,580 9,580 9,430 9,430 8,960 8,860
現行 13,070 13,070 12,920 12,730 12,640 12,640 12,480 12,200 11,910 11,910 11,490 11,340 10,820 10,680 10,520 10,090 9,730 9,630 9,630 9,480 9,340 9,010 8,870 8,540 8,540
川内
改定 13,260 13,260 13,110 12,830 12,740 12,740 12,580 12,300 12,010 12,010 11,590 11,440 11,230 10,820 10,660 10,190 9,820 9,720 9,720 9,570 9,430 9,100 8,960 8,640 8,640
現行 13,590 13,590 13,440 13,250 13,250 13,100 13,100 12,720 12,420 12,420 12,010 11,860 11,290 11,190 11,040 10,600 10,240 10,090 10,090 9,990 9,990 9,520 9,380 9,000 9,000 9,000 8,900
鹿児島中央
改定 13,780 13,780 13,630 13,350 13,350 13,200 13,200 12,820 12,520 12,520 12,110 11,960 11,700 11,330 11,180 10,700 10,340 10,190 10,190 10,090 10,090 9,620 9,480 9,100 9,100 9,100 9,000
※改定額は通常期にご利用の場合の発売額です。閑散期にご利用の場合は100円引き、繁忙期にご利用の場合は100円を加算、最繁忙期にご利用の場合は200円を加算します（東海道・山陽新幹線区間のみ）。
※上記の改定額は予定です。今後変更となる可能性がございます。
=== page 17
1-4 EX予約サービス（往復割引）発売額（単位:円）
■グリーン車用（ひかり・こだま・さくら・つばめ号ご利用時）:おとな1名片道
新神戸 西明石 姫路 相生 岡山 新倉敷 東京
品川 新横浜 小田原 熱海
三島 岐阜羽島
新富士
静岡 掛川 浜松
三原 東広島 豊橋 福山 新尾道 三河安城 名古屋 米原 京都 新大阪
現行 19,780 19,780
西明石
改定 20,280 20,280
現行 20,050 20,050 19,860
姫路
改定 20,470 20,470 20,280
現行 20,050 20,050 19,860
相生
改定 20,470 20,470 20,280
現行 21,100 21,100 20,800 20,220 20,030 20,030
岡山
改定 21,580 21,580 21,280 20,620 20,430 20,430
現行 21,100 21,100 21,100 20,220 20,220 20,030 18,820
新倉敷
改定 21,580 21,580 21,580 20,620 20,620 20,430 20,430
現行 21,400 21,400 21,400 20,800 20,520 20,220 20,220 19,670
福山
改定 21,880 21,880 21,880 21,280 20,920 20,620 20,620 20,280
現行 22,170 22,170 21,660 21,360 21,060 20,520 20,220 19,670
新尾道
改定 23,900 23,900 22,060 21,760 21,460 20,920 20,620 20,280
現行 22,170 22,170 21,660 21,360 21,060 21,060 20,220 19,860
三原
改定 23,900 23,900 22,060 21,760 21,460 21,460 20,620 20,470
現行 22,370 22,370 22,170 21,660 21,360 21,360 21,060 20,160 18,460 18,000
東広島
改定 24,100 24,100 23,900 22,060 21,760 21,760 21,460 20,770 20,280 20,280
現行 23,200 23,200 22,900 22,700 21,660 21,660 21,360 20,160 19,860 19,210 19,210
広島
改定 24,400 24,400 24,100 23,900 22,060 22,060 21,760 21,280 20,470 20,280 20,280
現行 24,070 24,070 23,750 23,250 22,520 22,520 21,660 21,360 21,060 20,220 20,220
新岩国
改定 25,210 25,210 24,920 24,310 24,110 24,110 22,060 21,760 21,460 20,620 20,620
現行 24,370 24,370 24,040 23,550 23,550 23,250 23,250 23,050 21,360 21,360 20,520 20,220 18,670
徳山
改定 25,510 25,510 25,210 24,610 24,610 24,310 24,310 24,110 21,760 21,760 20,920 20,620 20,280
現行 25,200 25,200 24,640 24,040 24,040 23,750 23,550 23,250 21,950 21,660 21,360 20,520 18,860 18,670
新山口
改定 26,340 26,340 25,810 25,210 25,210 24,920 24,610 24,310 22,350 22,060 21,760 20,920 20,470 20,280
現行 25,840 25,840 25,140 24,680 24,680 24,380 24,380 23,550 22,520 22,520 21,660 21,360 19,640 19,340 18,610
厚狭
改定 26,900 26,900 26,340 25,740 25,740 25,440 25,440 24,610 24,110 24,110 22,060 21,760 20,770 20,470 20,280
現行 26,030 26,030 25,440 25,140 24,680 24,680 24,380 24,090 22,720 22,520 21,660 21,360 19,940 19,640 18,800
新下関
改定 27,090 27,090 26,640 26,340 25,740 25,740 25,440 25,150 24,310 24,110 22,060 21,760 21,580 20,770 20,470
現行 26,110 26,110 25,630 25,140 25,140 24,680 24,680 24,380 23,550 23,250 23,050 21,660 19,940 19,640 19,340
小倉
改定 27,350 27,350 26,830 26,340 26,340 25,740 25,740 25,440 24,610 24,310 24,110 22,060 21,580 21,280 20,470
現行 26,710 26,710 26,410 26,030 25,840 25,840 25,540 24,680 24,380 24,380 23,550 23,250 22,220 21,400 21,100 19,550 18,920
博多
改定 27,950 27,950 27,650 27,090 26,900 26,900 26,600 25,740 25,440 25,440 24,610 24,310 23,900 21,880 21,580 20,620 19,990
現行 29,330 29,330 29,030 28,650 28,360 28,360 28,160 27,300 27,010 26,710 25,870 25,570 24,740 24,020 23,720 22,180 21,390 20,320
新鳥栖
改定 30,470 30,470 30,170 29,610 29,320 29,320 29,120 28,260 27,970 27,670 26,830 26,530 26,320 24,400 24,100 23,150 22,410 21,010
現行 29,350 29,350 29,050 28,670 28,380 28,380 28,180 27,320 27,020 26,730 26,190 25,590 24,760 24,030 23,740 22,190 21,410 20,340
久留米
改定 30,490 30,490 30,190 29,630 29,340 29,340 29,140 28,280 27,980 27,690 27,150 26,550 26,340 24,410 24,120 23,160 22,430 21,030
現行 29,790 29,790 29,790 29,120 29,120 28,820 28,820 28,060 27,760 27,470 26,630 26,330 25,210 24,480 24,180 22,640 21,850 20,980 20,780
筑後船小屋
改定 30,930 30,930 30,930 30,080 30,080 29,780 29,780 29,020 28,720 28,430 27,590 27,290 26,790 24,860 24,560 23,610 22,870 21,670 21,470
現行 30,590 30,590 30,290 29,910 29,620 29,620 29,320 28,560 28,260 27,970 27,130 26,830 26,000 25,180 24,980 23,430 22,650 21,480 21,280
新大牟田
改定 31,730 31,730 31,430 30,870 30,580 30,580 30,280 29,520 29,220 28,930 28,090 27,790 27,580 25,560 25,360 24,400 23,670 22,170 21,970
現行 30,610 30,610 30,610 29,930 29,930 29,630 29,630 28,780 28,580 28,280 27,450 27,150 26,020 25,190 25,000 23,450 22,670 21,800 21,500 21,300 21,300
新玉名
改定 31,750 31,750 31,750 30,890 30,890 30,590 30,590 29,740 29,540 29,240 28,410 28,110 27,600 25,570 25,380 24,420 23,690 22,490 22,190 21,990 21,990
現行 33,200 33,200 32,900 32,530 32,230 32,230 31,930 31,070 30,880 30,880 30,040 29,740 28,620 27,790 27,490 26,050 25,190 24,030 24,030 23,740 23,540
熊本
改定 34,340 34,340 34,040 33,490 33,190 33,190 32,890 32,030 31,840 31,840 31,000 30,700 30,200 28,170 27,870 27,020 26,280 24,780 24,780 24,490 24,290
現行 33,420 33,420 33,230 32,850 32,550 32,550 32,260 31,400 31,100 30,900 30,070 29,770 28,940 28,110 27,820 26,370 25,510 24,360 24,060 24,060 23,760
新八代
改定 34,560 34,560 34,370 33,810 33,510 33,510 33,220 32,360 32,060 31,860 31,030 30,730 30,520 28,490 28,200 27,340 26,600 25,110 24,810 24,810 24,510
現行 34,530 34,530 34,230 33,960 33,660 33,660 33,360 32,500 32,210 31,910 31,170 30,880 30,050 29,220 28,920 27,380 26,620 25,460 25,460 25,170 24,870 24,230 23,080
新水俣
改定 35,670 35,670 35,370 34,920 34,620 34,620 34,320 33,460 33,170 32,870 32,130 31,840 31,630 29,600 29,300 28,350 27,710 26,210 26,210 25,920 25,620 24,980 24,780
現行 36,550 36,550 36,550 35,980 35,980 35,680 35,680 34,820 34,520 34,230 33,390 33,190 32,070 31,240 30,940 29,400 28,600 27,460 27,460 27,170 27,170 26,230 25,050
出水
改定 37,690 37,690 37,690 36,940 36,940 36,640 36,640 35,780 35,480 35,190 34,350 34,150 33,650 31,620 31,320 30,370 29,730 28,230 28,230 27,940 27,940 27,000 26,800
現行 36,850 36,850 36,550 36,170 35,980 35,980 35,680 35,120 34,520 34,520 33,690 33,390 32,360 31,540 31,240 29,690 28,800 27,760 27,760 27,460 27,170 26,530 25,250 24,730 24,730
川内
改定 37,990 37,990 37,690 37,130 36,940 36,940 36,640 36,080 35,480 35,480 34,650 34,350 33,940 31,920 31,620 30,660 29,930 28,530 28,530 28,230 27,940 27,300 27,000 25,140 25,140
現行 37,870 37,870 37,580 37,200 37,200 36,900 36,900 36,140 35,550 35,550 34,710 34,420 33,290 32,560 32,260 30,720 29,820 28,690 28,690 28,490 28,490 27,550 26,280 25,660 25,660 25,660 25,460
鹿児島中央
改定 39,010 39,010 38,720 38,160 38,160 37,860 37,860 37,100 36,510 36,510 35,670 35,380 34,870 32,940 32,640 31,690 30,950 29,460 29,460 29,260 29,260 28,320 28,030 26,070 26,070 26,070 25,870
※改定額は通常期にご利用の場合の発売額です。閑散期にご利用の場合は200円引き、繁忙期にご利用の場合は200円を加算、最繁忙期にご利用の場合は400円を加算します（東海道・山陽新幹線区間のみ）。
※全区間グリーン車を利用した場合の発売額です。新幹線を乗り継ぐ予約で、一部区間のみグリーン車をご利用の場合は、記載の発売額と異なる場合があります。
※上記の改定額は予定です。今後変更となる可能性がございます。
=== page 18
1-4 EX予約サービス（往復割引）発売額（単位:円）
■グリーン車用（ひかり・こだま・さくら・つばめ号ご利用時）:こども1名片道
品川 新横浜 小田原 熱海 三島 新富士 静岡
東京 浜松 豊橋 米原 京都 新大阪 福山 新尾道 掛川 姫路 相生
三河安城
名古屋
岐阜羽島 三原
新神戸 岡山 新倉敷
西明石
東広島
現行 12,920 12,920
西明石
改定 13,170 13,170
現行 13,060 13,060 12,960
姫路
改定 13,270 13,270 13,170
現行 13,060 13,060 12,960
相生
改定 13,270 13,270 13,170
現行 13,570 13,570 13,430 13,140 13,040 13,040
岡山
改定 13,810 13,810 13,670 13,340 13,240 13,240
現行 13,570 13,570 13,570 13,140 13,140 13,040 11,830
新倉敷
改定 13,810 13,810 13,810 13,340 13,340 13,240 13,240
現行 13,730 13,730 13,730 13,430 13,290 13,140 13,140 12,860
福山
改定 13,970 13,970 13,970 13,670 13,490 13,340 13,340 13,170
現行 14,110 14,110 13,860 13,700 13,560 13,290 13,140 12,860
新尾道
改定 15,570 15,570 14,060 13,900 13,760 13,490 13,340 13,170
現行 14,110 14,110 13,860 13,700 13,560 13,560 13,140 12,960
三原
改定 15,570 15,570 14,060 13,900 13,760 13,760 13,340 13,270
現行 14,210 14,210 14,110 13,860 13,700 13,700 13,560 13,110 11,650 11,420
東広島
改定 15,670 15,670 15,570 14,060 13,900 13,900 13,760 13,420 13,170 13,170
現行 14,890 14,890 14,740 14,640 13,860 13,860 13,700 13,110 12,960 12,630 12,630
広島
改定 15,820 15,820 15,670 15,570 14,060 14,060 13,900 13,670 13,270 13,170 13,170
現行 15,330 15,330 15,170 14,920 14,290 14,290 13,860 13,700 13,560 13,140 13,140
新岩国
改定 16,230 16,230 16,080 15,780 15,680 15,680 14,060 13,900 13,760 13,340 13,340
現行 15,480 15,480 15,320 15,070 15,070 14,920 14,920 14,820 13,700 13,700 13,290 13,140 12,030
徳山
改定 16,380 16,380 16,230 15,930 15,930 15,780 15,780 15,680 13,900 13,900 13,490 13,340 13,170
現行 15,890 15,890 15,610 15,320 15,320 15,170 15,070 14,920 14,000 13,860 13,700 13,290 12,130 12,030
新山口
改定 16,790 16,790 16,520 16,230 16,230 16,080 15,930 15,780 14,200 14,060 13,900 13,490 13,270 13,170
現行 16,220 16,220 15,860 15,640 15,640 15,490 15,490 15,070 14,290 14,290 13,860 13,700 12,520 12,370 11,730
厚狭
改定 17,080 17,080 16,790 16,500 16,500 16,350 16,350 15,930 15,680 15,680 14,060 13,900 13,420 13,270 13,170
現行 16,310 16,310 16,020 15,860 15,640 15,640 15,490 15,340 14,390 14,290 13,860 13,700 12,660 12,520 11,830
新下関
改定 17,170 17,170 16,950 16,790 16,500 16,500 16,350 16,200 15,780 15,680 14,060 13,900 13,810 13,420 13,270
現行 16,350 16,350 16,110 15,860 15,860 15,640 15,640 15,490 15,070 14,920 14,820 13,860 12,660 12,520 12,370
小倉
改定 17,300 17,300 17,040 16,790 16,790 16,500 16,500 16,350 15,930 15,780 15,680 14,060 13,810 13,670 13,270
現行 16,650 16,650 16,500 16,310 16,220 16,220 16,060 15,640 15,490 15,490 15,070 14,920 14,400 13,730 13,570 12,470 12,150
博多
改定 17,600 17,600 17,450 17,170 17,080 17,080 16,920 16,500 16,350 16,350 15,930 15,780 15,570 13,970 13,810 13,340 13,020
現行 18,550 18,550 18,410 18,220 18,070 18,070 17,970 17,540 17,400 17,240 16,830 16,680 16,260 15,630 15,480 14,380 13,960 12,990
新鳥栖
改定 19,500 19,500 19,360 19,080 18,930 18,930 18,830 18,400 18,260 18,100 17,690 17,540 17,430 15,870 15,720 15,250 14,870 13,570
現行 18,560 18,560 18,420 18,220 18,080 18,080 17,980 17,550 17,400 17,250 16,980 16,680 16,260 15,640 15,490 14,380 13,970 13,000
久留米
改定 19,510 19,510 19,370 19,080 18,940 18,940 18,840 18,410 18,260 18,110 17,840 17,540 17,430 15,880 15,730 15,250 14,880 13,580
現行 18,790 18,790 18,790 18,450 18,450 18,310 18,310 17,930 17,780 17,630 17,210 17,060 16,490 15,860 15,720 14,610 14,190 13,320 13,220
筑後船小屋
改定 19,740 19,740 19,740 19,310 19,310 19,170 19,170 18,790 18,640 18,490 18,070 17,920 17,660 16,100 15,960 15,480 15,110 13,910 13,810
現行 19,190 19,190 19,040 18,850 18,700 18,700 18,560 18,180 18,030 17,880 17,460 17,310 16,890 16,210 16,110 15,010 14,590 13,570 13,470
新大牟田
改定 20,140 20,140 19,990 19,710 19,560 19,560 19,420 19,040 18,890 18,740 18,320 18,170 18,060 16,450 16,350 15,880 15,510 14,160 14,060
現行 19,200 19,200 19,200 18,860 18,860 18,710 18,710 18,290 18,190 18,030 17,620 17,470 16,900 16,220 16,120 15,010 14,600 13,730 13,580 13,480 13,480
新玉名
改定 20,150 20,150 20,150 19,720 19,720 19,570 19,570 19,150 19,050 18,890 18,480 18,330 18,070 16,460 16,360 15,880 15,520 14,320 14,170 14,070 14,070
現行 21,240 21,240 21,090 20,910 20,750 20,750 20,610 20,180 20,080 20,080 19,660 19,510 18,950 18,260 18,120 17,060 16,580 15,570 15,570 15,430 15,330
熊本
改定 22,190 22,190 22,040 21,770 21,610 21,610 21,470 21,040 20,940 20,940 20,520 20,370 20,120 18,500 18,360 17,930 17,570 16,220 16,220 16,070 15,970
現行 21,350 21,350 21,250 21,070 20,910 20,910 20,770 20,340 20,190 20,090 19,670 19,530 19,110 18,420 18,280 17,220 16,740 15,730 15,590 15,590 15,430
新八代
改定 22,300 22,300 22,200 21,930 21,770 21,770 21,630 21,200 21,050 20,950 20,530 20,390 20,280 18,660 18,520 18,090 17,720 16,370 16,230 16,230 16,070
現行 21,910 21,910 21,760 21,630 21,470 21,470 21,330 20,900 20,750 20,600 20,230 20,090 19,670 18,980 18,840 17,730 17,290 16,280 16,280 16,140 15,980 15,670 14,620
新水俣
改定 22,860 22,860 22,710 22,490 22,330 22,330 22,190 21,760 21,610 21,460 21,090 20,950 20,840 19,220 19,080 18,600 18,280 16,930 16,930 16,790 16,630 16,320 16,220
現行 23,610 23,610 23,610 23,330 23,330 23,170 23,170 22,750 22,600 22,450 22,030 21,930 21,370 20,680 20,540 19,430 18,960 17,970 17,970 17,830 17,830 17,360 16,280
出水
改定 24,560 24,560 24,560 24,190 24,190 24,030 24,030 23,610 23,460 23,310 22,890 22,790 22,540 20,920 20,780 20,300 19,990 18,640 18,640 18,490 18,490 18,020 17,920
現行 23,760 23,760 23,610 23,420 23,330 23,330 23,170 22,890 22,600 22,600 22,180 22,030 21,510 20,840 20,680 19,580 19,060 18,120 18,120 17,970 17,830 17,500 16,380 16,180 16,180
川内
改定 24,710 24,710 24,560 24,280 24,190 24,190 24,030 23,750 23,460 23,460 23,040 22,890 22,680 21,080 20,920 20,450 20,080 18,780 18,780 18,630 18,490 18,160 18,020 16,490 16,490
現行 24,280 24,280 24,130 23,940 23,940 23,790 23,790 23,410 23,110 23,110 22,700 22,550 21,980 21,350 21,200 20,090 19,570 18,580 18,580 18,480 18,480 18,010 16,890 16,640 16,640 16,640 16,540
鹿児島中央
改定 25,230 25,230 25,080 24,800 24,800 24,650 24,650 24,270 23,970 23,970 23,560 23,410 23,150 21,590 21,440 20,960 20,600 19,250 19,250 19,150 19,150 18,680 18,540 16,950 16,950 16,950 16,850
※改定額は通常期にご利用の場合の発売額です。閑散期にご利用の場合は100円引き、繁忙期にご利用の場合は100円を加算、最繁忙期にご利用の場合は200円を加算します（東海道・山陽新幹線区間のみ）。
※全区間グリーン車を利用した場合の発売額です。新幹線を乗り継ぐ予約で、一部区間のみグリーン車をご利用の場合は、記載の発売額と異なる場合があります。
※上記の改定額は予定です。今後変更となる可能性がございます。
=== page 19
1-4 EX予約サービス（往復割引）発売額（単位:円）
■自由席用:おとな1名片道 ※現行の価格から変更の予定はございません。
静岡 掛川 浜松 岐阜羽島 米原 三島 新富士 東京 品川 新横浜 小田原 熱海 豊橋 三河安城 名古屋
京都 新大阪
西明石
新神戸 姫路
相生 岡山 新倉敷
三原 東広島 福山 新尾道
西明石
姫路
相生
岡山
新倉敷
福山
新尾道
三原
東広島
広島
新岩国
徳山
新山口
厚狭
新下関
小倉
博多
新鳥栖
久留米
筑後船小屋
新大牟田
新玉名
熊本
新八代
新水俣
出水
川内
鹿児島中央 現行 13,710 13,710
現行 13,980 13,980 13,790
現行 13,980 13,980 13,790
現行 15,030 15,030 14,730 14,150 13,960 13,960
現行 15,030 15,030 15,030 14,150 14,150 13,960 13,960
現行 15,330 15,330 15,330 14,730 14,450 14,150 14,150 13,600
現行 16,100 16,100 15,590 15,290 14,990 14,450 14,150 13,600
現行 16,100 16,100 15,590 15,290 14,990 14,990 14,150 13,790
現行 16,300 16,300 16,100 15,590 15,290 15,290 14,990 14,090 13,600 13,140
現行 16,600 16,600 16,300 16,100 15,590 15,590 15,290 14,090 13,790 13,140 13,140
現行 17,470 17,470 17,150 16,650 16,450 16,450 15,590 15,290 14,990 14,150 14,150
現行 17,770 17,770 17,440 16,950 16,950 16,650 16,650 16,450 15,290 15,290 14,450 14,150 13,270
現行 18,600 18,600 18,040 17,440 17,440 17,150 16,950 16,650 15,880 15,590 15,290 14,450 13,460 13,270
現行 19,240 19,240 18,540 18,080 18,080 17,780 17,780 16,950 16,450 16,450 15,590 15,290 14,240 13,940 13,750
現行 19,430 19,430 18,840 18,540 18,080 18,080 17,780 17,490 16,650 16,450 15,590 15,290 14,540 14,240 13,940
現行 19,510 19,510 19,030 18,540 18,540 18,080 18,080 17,780 16,950 16,650 16,450 15,590 14,540 14,240 13,940
現行 20,110 20,110 19,810 19,430 19,240 19,240 18,940 18,080 17,780 17,780 16,950 16,650 15,620 15,330 15,030 14,150 13,520
現行 21,530 21,530 21,230 20,850 20,560 20,560 20,360 19,500 19,210 18,910 18,070 17,770 16,940 16,750 16,450 15,580 14,840 14,640
現行 21,550 21,550 21,250 20,870 20,580 20,580 20,380 19,520 19,220 18,930 18,390 17,790 16,960 16,760 16,470 15,590 14,860 14,660
現行 21,990 21,990 21,990 21,320 21,320 21,020 21,020 20,260 19,960 19,670 18,830 18,530 17,410 17,210 16,910 16,040 15,300 15,300 15,100
現行 22,790 22,790 22,490 22,110 21,820 21,820 21,520 20,760 20,460 20,170 19,330 19,030 18,200 17,910 17,710 16,830 16,100 15,800 15,600
現行 22,810 22,810 22,810 22,130 22,130 21,830 21,830 20,980 20,780 20,480 19,650 19,350 18,220 17,920 17,730 16,850 16,120 16,120 15,820 15,620 15,620
現行 23,900 23,900 23,600 23,230 22,930 22,930 22,630 21,770 21,580 21,580 20,740 20,440 19,320 19,020 18,720 17,950 17,210 16,910 16,910 16,620 16,420
現行 24,120 24,120 23,930 23,550 23,250 23,250 22,960 22,100 21,800 21,600 20,770 20,470 19,640 19,340 19,050 18,270 17,530 17,240 16,940 16,940 16,640
現行 25,230 25,230 24,930 24,660 24,360 24,360 24,060 23,200 22,910 22,610 21,870 21,580 20,750 20,450 20,150 19,280 18,640 18,340 18,340 18,050 17,750 17,110 16,910
現行 25,860 25,860 25,860 25,290 25,290 24,990 24,990 24,130 23,830 23,540 22,700 22,500 21,380 21,080 20,780 19,910 19,270 18,970 18,970 18,680 18,680 17,740 17,540
現行 26,160 26,160 25,860 25,480 25,290 25,290 24,990 24,430 23,830 23,830 23,000 22,700 21,670 21,380 21,080 20,200 19,470 19,270 19,270 18,970 18,680 18,040 17,740 17,090 17,090
現行 27,180 27,180 26,890 26,510 26,510 26,210 26,210 25,450 24,860 24,860 24,020 23,730 22,600 22,400 22,100 21,230 20,490 20,200 20,200 20,000 20,000 19,060 18,770 18,020 18,020 18,020 17,820
=== page 20
1-4 EX予約サービス（往復割引）発売額（単位:円）
■自由席用:こども1名片道 ※現行の価格から変更の予定はございません。
品川 新横浜 小田原 熱海 岐阜羽島 米原 京都
東京 三島 新富士 新神戸 豊橋 三河安城 名古屋 新倉敷 福山 新尾道
静岡 掛川 浜松 新大阪
西明石 姫路 相生
岡山
三原
東広島
西明石
姫路
相生
岡山
新倉敷
福山
新尾道
三原
東広島
広島
新岩国
徳山
新山口
厚狭
新下関
小倉
博多
新鳥栖
久留米
筑後船小屋
新大牟田
新玉名
熊本
新八代
新水俣
出水
川内
鹿児島中央 現行 6,850 6,850
現行 6,990 6,990 6,890
現行 6,990 6,990 6,890
現行 7,500 7,500 7,360 7,070 6,970 6,970
現行 7,500 7,500 7,500 7,070 7,070 6,970 6,970
現行 7,660 7,660 7,660 7,360 7,220 7,070 7,070 6,790
現行 8,040 8,040 7,790 7,630 7,490 7,220 7,070 6,790
現行 8,040 8,040 7,790 7,630 7,490 7,490 7,070 6,890
現行 8,140 8,140 8,040 7,790 7,630 7,630 7,490 7,040 6,790 6,560
現行 8,290 8,290 8,140 8,040 7,790 7,790 7,630 7,040 6,890 6,560 6,560
現行 8,730 8,730 8,570 8,320 8,220 8,220 7,790 7,630 7,490 7,070 7,070
現行 8,880 8,880 8,720 8,470 8,470 8,320 8,320 8,220 7,630 7,630 7,220 7,070 6,630
現行 9,290 9,290 9,010 8,720 8,720 8,570 8,470 8,320 7,930 7,790 7,630 7,220 6,730 6,630
現行 9,620 9,620 9,260 9,040 9,040 8,890 8,890 8,470 8,220 8,220 7,790 7,630 7,120 6,970 6,870
現行 9,710 9,710 9,420 9,260 9,040 9,040 8,890 8,740 8,320 8,220 7,790 7,630 7,260 7,120 6,970
現行 9,750 9,750 9,510 9,260 9,260 9,040 9,040 8,890 8,470 8,320 8,220 7,790 7,260 7,120 6,970
現行 10,050 10,050 9,900 9,710 9,620 9,620 9,460 9,040 8,890 8,890 8,470 8,320 7,800 7,660 7,500 7,070 6,750
現行 10,750 10,750 10,610 10,420 10,270 10,270 10,170 9,740 9,600 9,440 9,030 8,880 8,460 8,360 8,210 7,780 7,410 7,310
現行 10,760 10,760 10,620 10,420 10,280 10,280 10,180 9,750 9,600 9,450 9,180 8,880 8,460 8,370 8,220 7,780 7,420 7,320
現行 10,990 10,990 10,990 10,650 10,650 10,510 10,510 10,130 9,980 9,830 9,410 9,260 8,690 8,590 8,450 8,010 7,640 7,640 7,540
現行 11,390 11,390 11,240 11,050 10,900 10,900 10,760 10,380 10,230 10,080 9,660 9,510 9,090 8,940 8,840 8,410 8,040 7,890 7,790
現行 11,400 11,400 11,400 11,060 11,060 10,910 10,910 10,490 10,390 10,230 9,820 9,670 9,100 8,950 8,850 8,410 8,050 8,050 7,900 7,800 7,800
現行 11,940 11,940 11,790 11,610 11,450 11,450 11,310 10,880 10,780 10,780 10,360 10,210 9,650 9,490 9,350 8,960 8,600 8,450 8,450 8,310 8,210
現行 12,050 12,050 11,950 11,770 11,610 11,610 11,470 11,040 10,890 10,790 10,370 10,230 9,810 9,650 9,510 9,120 8,760 8,610 8,470 8,470 8,310
現行 12,610 12,610 12,460 12,330 12,170 12,170 12,030 11,600 11,450 11,300 10,930 10,790 10,370 10,210 10,070 9,630 9,310 9,160 9,160 9,020 8,860 8,550 8,450
現行 12,920 12,920 12,920 12,640 12,640 12,480 12,480 12,060 11,910 11,760 11,340 11,240 10,680 10,520 10,380 9,940 9,630 9,480 9,480 9,340 9,340 8,870 8,770
現行 13,070 13,070 12,920 12,730 12,640 12,640 12,480 12,200 11,910 11,910 11,490 11,340 10,820 10,680 10,520 10,090 9,730 9,630 9,630 9,480 9,340 9,010 8,870 8,540 8,540
現行 13,590 13,590 13,440 13,250 13,250 13,100 13,100 12,720 12,420 12,420 12,010 11,860 11,290 11,190 11,040 10,600 10,240 10,090 10,090 9,990 9,990 9,520 9,380 9,000 9,000 9,000 8,900
=== page 21
1-5 e特急券 発売額（単位:円）
■普通車指定席／G特典（のぞみ・みずほ号ご利用時）:おとな1名片道
東京
現行 1,760
品川 品川
改定 2,220
現行 5,100 5,100 4,910 3,000 1,760 1,760 1,760
西明石 西明石
改定 6,040 6,040 5,750 4,090 2,450 2,340 2,340
現行 5,180 5,180 5,180 3,130 2,530 1,760 1,760
改定 6,040 6,040 6,040 4,090 3,180 2,340 2,340
姫路
現行 5,630 5,630 5,630 4,000 3,400 2,530 2,530 2,530 1,760
岡山 岡山
改定 6,550 6,550 6,550 4,820 3,990 3,070 3,070 3,070 2,340
現行 5,630 5,630 5,630 4,530 3,400 3,400 3,400 2,530 1,760
現行 1,760 1,760
新横浜 新横浜
改定 2,220 2,220
現行 4,130 4,130 4,130
名古屋 名古屋
改定 4,500 4,500 4,500
現行 4,910 4,910 4,570 2,270
京都 京都
改定 5,320 5,320 5,020 2,960
現行 4,910 4,910 4,910 2,270 1,760
新大阪 新大阪
改定 5,320 5,320 5,320 2,960 2,230
現行 4,910 4,910 4,910 3,000 1,760 1,760
新神戸 新神戸
改定 5,650 5,650 5,650 3,990 2,450 2,340
姫路 福山 広島 徳山 新山口 小倉 博多 ※東海道・山陽新幹線の全区間にて「のぞみ」「みずほ」を利用した場合の発売額です。改定額は、新幹線を乗り継ぐ予約で、一部区間のみ「のぞみ」「みずほ」をご利用の場合に、記載の発売額と異なる場合があります。
※改定額は通常期にご利用の場合の発売額です。閑散期にご利用の場合は200円引き、繁忙期にご利用の場合は200円を加算、最繁忙期にご利用の場合は400円を加算します（東海道・山陽新幹線区間のみ）。
※ご乗車には、別途「e特急券」の区間を含む乗車券が必要です。
※上記の改定額は予定です。今後変更となる可能性がございます。
改定 6,760 6,760 6,760 5,470 4,240 4,130 4,130 3,070 2,340
現行 6,110 6,110 6,110 4,530 4,170 4,120 4,120 福山
3,400 2,530 2,530
改定 7,300 7,300 7,300 5,740 4,960 4,850 4,850 4,130 3,070 3,070
現行 6,690 6,690 6,660 4,660 4,620 4,570 4,120 広島
4,120 3,400 2,530 1,760
改定 8,030 8,030 8,030 6,350 5,620 5,440 4,850 4,850 4,130 3,070 2,340
現行 7,220 7,220 6,660 4,660 4,660 4,570 4,570 徳山
4,120 3,400 3,400 2,530 1,760
改定 8,560 8,560 8,030 6,350 5,850 5,510 5,510 4,850 4,130 4,130 3,070 2,340
現行 7,640 7,640 7,160 5,140 4,960 4,910 4,910 新山口
4,570 4,120 4,120 3,400 2,530 1,760
小倉
改定 9,080 9,080 8,560 6,860 6,010 5,850 5,850 5,510 4,850 4,850 4,090 3,070 2,340
現行 7,640 7,640 7,640 5,630 5,350 4,910 4,910 4,910 4,570 4,120 3,400 2,530 2,530 1,760
博多
改定 9,080 9,080 9,080 7,400 6,400 5,850 5,850 5,850 5,510 4,850 4,130 3,070 3,070 2,340
=== page 22
1-5 e特急券 発売額（単位:円）
■普通車指定席／G特典（のぞみ・みずほ号ご利用時）:こども1名片道
東京
現行 880
品川 品川
改定 1,110
現行 2,550 2,550 2,450 1,500 880 880 880
西明石 西明石
改定 3,020 3,020 2,870 2,040 1,220 1,170 1,170
現行 2,590 2,590 2,590 1,560 1,260 880 880
改定 3,020 3,020 3,020 2,040 1,590 1,170 1,170
姫路
現行 2,810 2,810 2,810 2,000 1,700 1,260 1,260 1,260 880
岡山 岡山
改定 3,270 3,270 3,270 2,410 1,990 1,530 1,530 1,530 1,170
現行 2,810 2,810 2,810 2,260 1,700 1,700 1,700 1,260 880
現行 880 880
新横浜 新横浜
改定 1,110 1,110
現行 2,060 2,060 2,060
名古屋 名古屋
改定 2,250 2,250 2,250
現行 2,450 2,450 2,280 1,130
京都 京都
改定 2,660 2,660 2,510 1,480
現行 2,450 2,450 2,450 1,130 880
新大阪 新大阪
改定 2,660 2,660 2,660 1,480 1,110
現行 2,450 2,450 2,450 1,500 880 880
新神戸 新神戸
改定 2,820 2,820 2,820 1,990 1,220 1,170
姫路 福山 広島 徳山 新山口 小倉 博多 ※東海道・山陽新幹線の全区間にて「のぞみ」「みずほ」を利用した場合の発売額です。改定額は、新幹線を乗り継ぐ予約で、一部区間のみ「のぞみ」「みずほ」をご利用の場合に、記載の発売額と異なる場合があります。
※改定額は通常期にご利用の場合の発売額です。閑散期にご利用の場合は100円引き、繁忙期にご利用の場合は100円を加算、最繁忙期にご利用の場合は200円を加算します（東海道・山陽新幹線区間のみ）。
※ご乗車には、別途「e特急券」の区間を含む乗車券が必要です。
※上記の改定額は予定です。今後変更となる可能性がございます。
改定 3,380 3,380 3,380 2,730 2,120 2,060 2,060 1,530 1,170
現行 3,050 3,050 3,050 2,260 2,080 2,060 2,060 福山
1,700 1,260 1,260
改定 3,650 3,650 3,650 2,870 2,480 2,420 2,420 2,060 1,530 1,530
現行 3,340 3,340 3,330 2,330 2,310 2,280 2,060 広島
2,060 1,700 1,260 880
改定 4,010 4,010 4,010 3,170 2,810 2,720 2,420 2,420 2,060 1,530 1,170
現行 3,610 3,610 3,330 2,330 2,330 2,280 2,280 徳山
2,060 1,700 1,700 1,260 880
改定 4,280 4,280 4,010 3,170 2,920 2,750 2,750 2,420 2,060 2,060 1,530 1,170
現行 3,820 3,820 3,580 2,570 2,480 2,450 2,450 新山口
2,280 2,060 2,060 1,700 1,260 880
小倉
改定 4,540 4,540 4,280 3,430 3,000 2,920 2,920 2,750 2,420 2,420 2,040 1,530 1,170
現行 3,820 3,820 3,820 2,810 2,670 2,450 2,450 2,450 2,280 2,060 1,700 1,260 1,260 880
博多
改定 4,540 4,540 4,540 3,700 3,200 2,920 2,920 2,920 2,750 2,420 2,060 1,530 1,530 1,170
=== page 23
1-5 e特急券 発売額（単位:円）
■グリーン車用（のぞみ・みずほ号ご利用時）:おとな1名片道
東京
現行 2,520
品川 品川
改定 2,990
現行 11,170 11,170 9,770 6,660 2,520 2,520 2,520
西明石 西明石
改定 12,110 12,110 10,620 7,750 3,220 3,110 3,110
現行 11,250 11,250 11,250 6,790 4,790 2,520 2,520
改定 12,110 12,110 12,110 7,750 5,450 3,110 3,110
姫路
現行 11,700 11,700 11,700 7,660 7,060 4,790 4,790 4,790 2,520
岡山 岡山
改定 12,620 12,620 12,620 8,480 7,650 5,340 5,340 5,340 3,110
現行 11,700 11,700 11,700 9,390 7,060 7,060 7,060 4,790 2,520
現行 2,520 2,520
新横浜 新横浜
改定 2,990 2,990
現行 7,790 7,790 7,790
名古屋 名古屋
改定 8,160 8,160 8,160
現行 9,770 9,770 9,430 4,530
京都 京都
改定 10,190 10,190 9,890 5,230
現行 9,770 9,770 9,770 4,530 2,520
新大阪 新大阪
改定 10,190 10,190 10,190 5,230 3,000
現行 9,770 9,770 9,770 6,660 2,520 2,520
新神戸 新神戸
改定 10,520 10,520 10,520 7,650 3,220 3,110
姫路 福山 広島 徳山 新山口 小倉 博多 ※東海道・山陽新幹線の全区間にて「のぞみ」「みずほ」を利用した場合の発売額です。改定額は、新幹線を乗り継ぐ予約で、一部区間のみ「のぞみ」「みずほ」をご利用の場合に、記載の発売額と異なる場合があります。
※改定額は通常期にご利用の場合の発売額です。閑散期にご利用の場合は200円引き、繁忙期にご利用の場合は200円を加算、最繁忙期にご利用の場合は400円を加算します（東海道・山陽新幹線区間のみ）。
※全区間グリーン車を利用した場合の発売額です。新幹線を乗り継ぐ予約で、一部区間のみグリーン車をご利用の場合は、記載の発売額と異なる場合があります。
※ご乗車には、別途「e特急券」の区間を含む乗車券が必要です。
※上記の改定額は予定です。今後変更となる可能性がございます。
改定 12,830 12,830 12,830 10,340 7,900 7,790 7,790 5,340 3,110
現行 12,710 12,710 12,710 9,390 7,830 7,780 7,780 福山
7,060 4,790 4,790
改定 14,560 14,560 14,560 10,610 8,620 8,510 8,510 7,790 5,340 5,340
現行 13,290 13,290 13,260 10,060 9,320 9,270 7,780 広島
7,780 7,060 4,790 2,520
改定 15,290 15,290 15,290 12,420 10,490 10,310 8,510 8,510 7,790 5,340 3,110
現行 13,820 13,820 13,260 10,060 9,360 9,270 9,090 徳山
7,780 7,060 7,060 4,790 2,520
改定 15,820 15,820 15,290 12,420 10,720 10,380 10,380 8,510 7,790 7,790 5,340 3,110
現行 14,240 14,240 13,760 10,540 9,660 9,610 9,430 新山口
9,090 7,780 7,780 7,060 4,790 2,520
小倉
改定 16,340 16,340 15,820 12,930 10,880 10,720 10,720 10,380 8,510 8,510 7,750 5,340 3,110
現行 14,240 14,240 14,240 12,230 10,750 10,310 9,430 9,430 9,090 7,780 7,060 4,790 4,790 2,520
博多
改定 16,340 16,340 16,340 14,660 12,470 11,920 10,720 10,720 10,380 8,510 7,790 5,340 5,340 3,110
=== page 24
1-5 e特急券 発売額（単位:円）
■グリーン車用（のぞみ・みずほ号ご利用時）:こども1名片道
東京
現行 1,640
品川 品川
改定 1,880
現行 8,620 8,620 7,310 5,160 1,640 1,640 1,640
西明石 西明石
改定 9,090 9,090 7,740 5,700 1,990 1,940 1,940
現行 8,660 8,660 8,660 5,220 3,520 1,640 1,640
改定 9,090 9,090 9,090 5,700 3,860 1,940 1,940
姫路
現行 8,880 8,880 8,880 5,660 5,360 3,520 3,520 3,520 1,640
岡山 岡山
改定 9,340 9,340 9,340 6,070 5,650 3,800 3,800 3,800 1,940
現行 8,880 8,880 8,880 7,120 5,360 5,360 5,360 3,520 1,640
現行 1,640 1,640
新横浜 新横浜
改定 1,880 1,880
現行 5,720 5,720 5,720
名古屋 名古屋
改定 5,910 5,910 5,910
現行 7,310 7,310 7,140 3,390
京都 京都
改定 7,530 7,530 7,380 3,750
現行 7,310 7,310 7,310 3,390 1,640
新大阪 新大阪
改定 7,530 7,530 7,530 3,750 1,880
現行 7,310 7,310 7,310 5,160 1,640 1,640
新神戸 新神戸
改定 7,690 7,690 7,690 5,650 1,990 1,940
姫路 福山 広島 徳山 新山口 小倉 博多 ※東海道・山陽新幹線の全区間にて「のぞみ」「みずほ」を利用した場合の発売額です。改定額は、新幹線を乗り継ぐ予約で、一部区間のみ「のぞみ」「みずほ」をご利用の場合に、記載の発売額と異なる場合があります。
※改定額は通常期にご利用の場合の発売額です。閑散期にご利用の場合は100円引き、繁忙期にご利用の場合は100円を加算、最繁忙期にご利用の場合は200円を加算します（東海道・山陽新幹線区間のみ）。
※全区間グリーン車を利用した場合の発売額です。新幹線を乗り継ぐ予約で、一部区間のみグリーン車をご利用の場合は、記載の発売額と異なる場合があります。
※ご乗車には、別途「e特急券」の区間を含む乗車券が必要です。
※上記の改定額は予定です。今後変更となる可能性がございます。
改定 9,450 9,450 9,450 7,600 5,780 5,720 5,720 3,800 1,940
現行 9,650 9,650 9,650 7,120 5,740 5,720 5,720 福山
5,360 3,520 3,520
改定 10,910 10,910 10,910 7,740 6,140 6,080 6,080 5,720 3,800 3,800
現行 9,940 9,940 9,930 7,730 7,010 6,980 5,720 広島
5,720 5,360 3,520 1,640
改定 11,270 11,270 11,270 9,240 7,680 7,590 6,080 6,080 5,720 3,800 1,940
現行 10,210 10,210 9,930 7,730 7,030 6,980 6,800 徳山
5,720 5,360 5,360 3,520 1,640
改定 11,540 11,540 11,270 9,240 7,790 7,620 7,620 6,080 5,720 5,720 3,800 1,940
現行 10,420 10,420 10,180 7,970 7,180 7,150 6,970 新山口
6,800 5,720 5,720 5,360 3,520 1,640
小倉
改定 11,800 11,800 11,540 9,500 7,870 7,790 7,790 7,620 6,080 6,080 5,700 3,800 1,940
現行 10,420 10,420 10,420 9,410 8,070 7,850 6,970 6,970 6,800 5,720 5,360 3,520 3,520 1,640
博多
改定 11,800 11,800 11,800 10,960 9,270 8,990 7,790 7,790 7,620 6,080 5,720 3,800 3,800 1,940
=== page 25
品川
掛川
浜松
名古屋
新大阪
1-6 e特急券 発売額（単位:円）
■普通車指定席／G特典（ひかり・こだま・さくら・つばめ号ご利用時）:おとな1名片道
東京
現行 1,760
品川
改定 2,010
現行 1,760 1,760
新横浜
改定 2,010 2,010
現行 1,760 1,760 1,760
小田原
改定 2,020 2,020 2,020
現行 1,760 1,760 1,760 1,760
熱海
改定 2,020 2,020 2,020 2,020
現行 1,760 1,760 1,760 1,760 1,760
三島
改定 2,020 2,020 2,020 2,020 2,020
現行 2,530 2,530 2,530 1,760 1,760 1,760
新富士
改定 2,750 2,750 2,750 2,020 2,020 2,020
現行 2,530 2,530 2,530 1,760 1,760 1,760 1,760
静岡
改定 2,750 2,750 2,750 2,020 2,020 2,020 2,020
現行 3,400 3,400 3,400 2,530 2,530 2,530 1,760 1,760
改定 3,560 3,560 3,560 2,750 2,750 2,750 2,020 2,020
現行 3,400 3,400 3,400 2,530 2,530 2,530 2,530 1,760 1,760
改定 3,560 3,560 3,560 2,750 2,750 2,750 2,750 2,020 2,020
現行 3,400 3,400 3,400 3,400 2,530 2,530 2,530 2,530 1,760 1,760
豊橋
改定 3,600 3,600 3,600 3,600 2,750 2,750 2,750 2,750 2,020 2,020
現行 4,130 4,130 4,130 3,400 3,400 3,400 2,530 2,530 2,530 1,760 1,760
三河安城
改定 4,290 4,290 4,290 3,600 3,600 3,600 2,750 2,750 2,750 2,020 2,020
現行 4,130 4,130 4,130 3,400 3,400 3,400 3,400 2,530 2,530 2,530 1,760 1,760
改定 4,290 4,290 4,290 3,600 3,600 3,600 3,560 2,750 2,750 2,750 2,020 2,020
現行 4,130 4,130 4,130 4,130 3,400 3,400 3,400 3,400 2,530 2,530 2,530 1,760 1,760
岐阜羽島
改定 4,330 4,330 4,330 4,330 3,600 3,600 3,600 3,600 2,750 2,750 2,750 2,020 2,020
現行 4,150 4,150 4,150 4,130 4,130 4,130 3,400 3,400 3,400 2,530 2,530 2,530 1,760 1,760
米原
改定 4,700 4,700 4,700 4,330 4,330 4,330 3,600 3,600 3,600 2,750 2,750 2,750 2,020 2,020
現行 4,910 4,910 4,570 4,570 4,570 4,130 4,130 4,130 3,400 3,400 3,400 2,530 2,270 2,270 1,760
京都
改定 5,000 5,000 4,700 4,700 4,700 4,330 4,290 4,290 3,600 3,560 3,560 2,750 2,750 2,750 2,020
現行 4,910 4,910 4,910 4,570 4,570 4,570 4,570 4,130 4,130 3,400 3,400 3,400 2,270 2,270 2,270 1,760
改定 5,000 5,000 5,000 4,700 4,700 4,700 4,700 4,290 4,290 3,560 3,560 3,560 2,750 2,750 2,750 2,020
現行 4,910 4,910 4,910 4,910 4,570 4,570 4,570 4,210 4,130 4,000 3,400 3,400 3,000 2,530 2,530 1,760 1,760
新神戸
改定 5,110 5,110 5,110 5,110 4,770 4,770 4,770 4,700 4,330 4,290 3,600 3,600 3,560 2,750 2,750 2,020 2,020
現行 5,100 5,100 4,910 4,910 4,910 4,570 4,570 4,210 4,130 4,000 4,000 3,400 3,000 3,000 2,530 1,760 1,760 1,760
西明石
改定 5,400 5,400 5,110 5,110 5,110 4,770 4,770 4,700 4,330 4,290 4,290 3,600 3,560 3,560 2,750 2,020 2,020 2,020
現行 5,180 5,180 5,180 4,910 4,910 4,910 4,570 4,210 4,210 4,000 4,000 4,000 3,130 3,130 2,530 2,530 1,760 1,760 1,760
姫路
改定 5,400 5,400 5,400 5,110 5,110 5,110 4,770 4,700 4,700 4,290 4,290 4,290 3,560 3,560 2,750 2,750 2,020 2,020 2,020
現行 5,180 5,180 5,180 4,910 4,910 4,910 4,910 4,210 4,210 4,000 4,000 4,000 3,400 3,400 3,400 2,530 2,530 1,760 1,760 1,760
相生
改定 5,400 5,400 5,400 5,110 5,110 5,110 5,110 4,700 4,700 4,700 4,290 4,290 3,600 3,600 3,600 2,750 2,750 2,020 2,020 2,020
現行 5,630 5,630 5,630 5,350 5,350 5,350 4,910 4,210 4,210 4,000 4,000 4,000 4,000 4,000 3,400 3,400 2,530 2,530 2,530 1,760 1,760
岡山
改定 5,910 5,910 5,910 5,550 5,550 5,550 5,110 5,000 5,000 4,700 4,700 4,290 4,290 4,290 3,600 3,560 2,750 2,750 2,750 2,020 2,020
現行 5,630 5,630 5,630 5,350 5,350 5,350 5,350 4,910 4,910 4,530 4,530 4,530 4,130 4,130 4,130 3,400 3,400 2,530 2,530 2,530 1,760 1,760
新倉敷
改定 5,910 5,910 5,910 5,550 5,550 5,550 5,550 5,110 5,110 5,000 4,730 4,730 4,330 4,330 4,330 3,560 3,560 2,750 2,750 2,750 2,020 2,020
現行 5,630 5,630 5,630 5,630 5,350 5,350 5,350 4,990 4,910 4,530 4,530 4,530 4,530 4,130 4,130 3,400 3,400 3,400 2,530 2,530 2,530 1,760 1,760
福山
改定 5,910 5,910 5,910 5,910 5,550 5,550 5,550 5,400 5,110 5,000 4,730 4,730 4,730 4,330 4,330 3,600 3,600 3,600 2,750 2,750 2,750 2,020 2,020
現行 6,110 6,110 5,890 5,890 5,890 5,350 5,350 4,990 4,910 4,530 4,530 4,530 4,530 4,530 4,130 3,400 3,400 3,400 2,530 2,530 2,530 1,760 1,760 1,760
新尾道
改定 6,450 6,450 6,090 6,090 6,090 5,550 5,550 5,400 5,110 5,000 5,000 4,730 4,730 4,730 4,330 3,600 3,600 3,600 2,750 2,750 2,750 2,020 2,020 2,020
現行 6,110 6,110 5,890 5,890 5,890 5,890 5,350 4,990 4,910 4,530 4,530 4,530 4,530 4,530 4,130 3,780 3,400 3,400 3,400 2,530 2,530 1,760 1,760 1,760 1,760
改定 6,450 6,450 6,090 6,090 6,090 6,090 5,550 5,400 5,110 5,000 5,000 4,730 4,730 4,730 4,330 4,290 3,600 3,600 3,600 2,750 2,750 2,020 2,020 2,020 2,020
現行 6,110 6,110 6,110 5,890 5,890 5,890 5,890 4,990 4,990 4,530 4,530 4,530 4,530 4,530 4,530 4,170 4,120 3,400 3,400 3,400 2,530 2,530 2,530 1,760 1,760 1,760
東広島
改定 6,450 6,450 6,450 6,090 6,090 6,090 6,090 5,400 5,400 5,400 5,000 5,000 4,730 4,730 4,730 4,320 4,320 3,600 3,600 3,600 2,750 2,750 2,750 2,020 2,020 2,020
現行 6,110 6,110 6,110 6,110 5,890 5,890 5,890 4,990 4,990 4,530 4,530 4,530 4,530 4,530 4,530 4,170 4,120 4,120 3,400 3,400 3,400 2,530 2,530 2,530 1,760 1,760 1,760
広島
改定 6,450 6,450 6,450 6,450 6,090 6,090 6,090 5,910 5,400 5,400 5,400 5,000 5,000 4,730 4,730 4,320 4,320 4,320 3,600 3,600 3,600 2,750 2,750 2,750 2,020 2,020 2,020
現行 6,690 6,690 6,660 6,460 6,460 6,460 5,890 5,890 5,890 5,350 5,350 4,910 4,660 4,660 4,570 4,570 4,120 4,120 4,120 3,400 3,400 3,400 2,530 2,530 2,530 2,530 1,760 1,760
新岩国
改定 6,970 6,970 6,970 6,660 6,660 6,660 6,090 6,090 6,090 5,550 5,550 5,110 5,000 5,000 4,770 4,720 4,320 4,320 4,320 3,600 3,600 3,600 2,750 2,750 2,750 2,750 2,020 2,020
現行 6,690 6,690 6,660 6,460 6,460 6,460 6,460 6,460 5,890 5,890 5,350 5,350 4,660 4,660 4,660 4,620 4,570 4,120 4,120 4,120 4,120 3,400 3,400 2,530 2,530 2,530 2,530 1,760 1,760
徳山
改定 6,970 6,970 6,970 6,660 6,660 6,660 6,660 6,660 6,090 6,090 5,550 5,550 5,400 5,000 5,000 4,770 4,700 4,320 4,320 4,320 4,320 3,600 3,600 2,750 2,750 2,750 2,750 2,020 2,020
現行 7,220 7,220 6,660 6,660 6,660 6,660 6,460 6,460 5,890 5,890 5,890 5,350 4,660 4,660 4,660 4,660 4,570 4,570 4,570 4,120 4,120 3,400 3,400 3,400 3,400 3,400 2,530 2,530 1,760 1,760
新山口
改定 7,500 7,500 6,970 6,970 6,970 6,970 6,660 6,660 6,090 6,090 6,090 5,550 5,400 5,400 5,000 5,000 4,770 4,770 4,770 4,320 4,320 3,600 3,600 3,600 3,600 3,600 2,750 2,750 2,020 2,020
現行 7,560 7,560 7,160 7,000 7,000 7,000 7,000 6,460 6,460 6,460 5,890 5,890 5,140 5,140 5,140 4,960 4,910 4,570 4,570 4,570 4,120 4,120 4,120 3,400 3,400 3,400 2,530 2,530 2,530 1,760 1,760
改定 7,760 7,760 7,500 7,200 7,200 7,200 7,200 6,660 6,660 6,660 6,090 6,090 5,400 5,400 5,400 5,110 5,010 4,770 4,770 4,770 4,320 4,320 4,320 3,600 3,600 3,600 2,750 2,750 2,750 2,020 2,020
現行 7,560 7,560 7,160 7,160 7,000 7,000 7,000 7,000 6,460 6,460 5,890 5,890 5,140 5,140 5,140 4,960 4,910 4,570 4,570 4,570 4,570 4,120 4,120 3,400 3,400 3,400 3,400 2,530 2,530 2,530 1,760 1,760
改定 7,760 7,760 7,500 7,500 7,200 7,200 7,200 7,200 6,660 6,660 6,090 6,090 5,910 5,400 5,400 5,110 5,010 4,770 4,770 4,770 4,770 4,320 4,320 3,600 3,600 3,600 3,600 2,750 2,750 2,750 2,020 2,020
現行 7,640 7,640 7,160 7,160 7,160 7,000 7,000 7,000 6,460 6,460 6,460 5,890 5,140 5,140 5,140 4,960 4,910 4,910 4,570 4,570 4,570 4,120 4,120 4,120 3,400 3,400 3,400 3,400 2,530 2,530 1,760 1,760 1,760
小倉
改定 8,020 8,020 7,500 7,500 7,500 7,200 7,200 7,200 6,660 6,660 6,660 6,090 5,910 5,910 5,400 5,160 5,110 5,110 4,770 4,770 4,770 4,320 4,320 4,320 3,600 3,600 3,600 3,560 2,750 2,750 2,020 2,020 2,020
現行 7,640 7,640 7,640 7,560 7,560 7,560 7,560 7,000 7,000 7,000 6,460 6,460 5,630 5,630 5,630 5,350 4,910 4,910 4,910 4,910 4,910 4,570 4,570 4,120 4,120 4,120 4,120 3,400 3,400 2,530 2,530 2,530 1,760 1,760
改定 8,020 8,020 8,020 7,760 7,760 7,760 7,760 7,200 7,200 7,200 6,660 6,660 6,450 5,910 5,910 5,550 5,110 5,110 5,110 5,110 5,110 4,770 4,770 4,320 4,320 4,320 4,320 3,600 3,600 2,750 2,750 2,750 2,020 2,020
現行 8,510 8,510 8,510 8,430 8,430 8,430 8,430 7,870 7,870 7,870 7,330 7,330 6,500 6,500 6,500 6,220 5,780 5,780 5,780 5,780 5,780 5,440 5,440 4,990 4,990 4,990 4,990 4,270 4,270 3,400 3,400 3,400 2,630 1,860 1,260
新鳥栖 新鳥栖
改定 8,890 8,890 8,890 8,630 8,630 8,630 8,630 8,070 8,070 8,070 7,530 7,530 7,320 6,780 6,780 6,420 5,980 5,980 5,980 5,980 5,980 5,640 5,640 5,190 5,190 5,190 5,190 4,470 4,470 3,600 3,600 3,600 2,830 2,060 1,260
現行 8,510 8,510 8,510 8,430 8,430 8,430 8,430 7,870 7,870 7,870 7,330 7,330 6,500 6,500 6,500 6,220 5,780 5,780 5,780 5,780 5,780 5,440 5,440 4,990 4,990 4,990 4,990 4,270 4,270 3,400 3,400 3,400 2,630 1,860 1,260 1,260
久留米
改定 8,890 8,890 8,890 8,630 8,630 8,630 8,630 8,070 8,070 8,070 7,530 7,530 7,320 6,780 6,780 6,420 5,980 5,980 5,980 5,980 5,980 5,640 5,640 5,190 5,190 5,190 5,190 4,470 4,470 3,600 3,600 3,600 2,830 2,060 1,260 1,260
現行 8,900 8,900 8,900 8,820 8,820 8,820 8,820 8,260 8,260 8,260 7,720 7,720 6,890 6,890 6,890 6,610 6,170 6,170 6,170 6,170 6,170 5,830 5,830 5,380 5,380 5,380 5,380 4,660 4,660 3,790 3,790 3,790 3,020 2,250 1,260 1,260 1,260
筑後船小屋
改定 9,280 9,280 9,280 9,020 9,020 9,020 9,020 8,460 8,460 8,460 7,920 7,920 7,710 7,170 7,170 6,810 6,370 6,370 6,370 6,370 6,370 6,030 6,030 5,580 5,580 5,580 5,580 4,860 4,860 3,990 3,990 3,990 3,220 2,450 1,260 1,260 1,260
現行 9,400 9,400 9,400 9,320 9,320 9,320 9,320 8,760 8,760 8,760 8,220 8,220 7,390 7,390 7,390 7,110 6,670 6,670 6,670 6,670 6,670 6,330 6,330 5,880 5,880 5,880 5,880 5,160 5,160 4,290 4,290 4,290 3,520 2,750 1,760 1,260 1,260 1,260
新大牟田
改定 9,780 9,780 9,780 9,520 9,520 9,520 9,520 8,960 8,960 8,960 8,420 8,420 8,210 7,670 7,670 7,310 6,870 6,870 6,870 6,870 6,870 6,530 6,530 6,080 6,080 6,080 6,080 5,360 5,360 4,490 4,490 4,490 3,720 2,950 1,760 1,260 1,260 1,260
現行 9,400 9,400 9,400 9,320 9,320 9,320 9,320 8,760 8,760 8,760 8,220 8,220 7,390 7,390 7,390 7,110 6,670 6,670 6,670 6,670 6,670 6,330 6,330 5,880 5,880 5,880 5,880 5,160 5,160 4,290 4,290 4,290 3,520 2,750 1,760 1,760 1,760 1,260 1,260
新玉名
改定 9,780 9,780 9,780 9,520 9,520 9,520 9,520 8,960 8,960 8,960 8,420 8,420 8,210 7,670 7,670 7,310 6,870 6,870 6,870 6,870 6,870 6,530 6,530 6,080 6,080 6,080 6,080 5,360 5,360 4,490 4,490 4,490 3,720 2,950 1,760 1,760 1,760 1,260 1,260
現行 10,170 10,170 10,170 10,090 10,090 10,090 10,090 9,530 9,530 9,530 8,990 8,990 8,160 8,160 8,160 7,880 7,440 7,440 7,440 7,440 7,440 7,100 7,100 6,650 6,650 6,650 6,650 5,930 5,930 5,060 5,060 5,060 4,290 3,520 2,530 1,760 1,760 1,760 1,260 1,260
熊本
改定 10,550 10,550 10,550 10,290 10,290 10,290 10,290 9,730 9,730 9,730 9,190 9,190 8,980 8,440 8,440 8,080 7,640 7,640 7,640 7,640 7,640 7,300 7,300 6,850 6,850 6,850 6,850 6,130 6,130 5,260 5,260 5,260 4,490 3,720 2,530 1,760 1,760 1,760 1,260 1,260
現行 10,170 10,170 10,170 10,090 10,090 10,090 10,090 9,530 9,530 9,530 8,990 8,990 8,160 8,160 8,160 7,880 7,440 7,440 7,440 7,440 7,440 7,100 7,100 6,650 6,650 6,650 6,650 5,930 5,930 5,060 5,060 5,060 4,290 3,520 2,530 2,530 2,530 1,760 1,760 1,760 1,260
新八代
改定 10,550 10,550 10,550 10,290 10,290 10,290 10,290 9,730 9,730 9,730 9,190 9,190 8,980 8,440 8,440 8,080 7,640 7,640 7,640 7,640 7,640 7,300 7,300 6,850 6,850 6,850 6,850 6,130 6,130 5,260 5,260 5,260 4,490 3,720 2,530 2,530 2,530 1,760 1,760 1,760 1,260
現行 10,880 10,880 10,880 10,800 10,800 10,800 10,800 10,240 10,240 10,240 9,700 9,700 8,870 8,870 8,870 8,590 8,150 8,150 8,150 8,150 8,150 7,810 7,810 7,360 7,360 7,360 7,360 6,640 6,640 5,770 5,770 5,770 5,000 4,230 3,240 3,240 3,240 2,530 2,530 2,530 1,760 1,260
新水俣
改定 11,260 11,260 11,260 11,000 11,000 11,000 11,000 10,440 10,440 10,440 9,900 9,900 9,690 9,150 9,150 8,790 8,350 8,350 8,350 8,350 8,350 8,010 8,010 7,560 7,560 7,560 7,560 6,840 6,840 5,970 5,970 5,970 5,200 4,430 3,240 3,240 3,240 2,530 2,530 2,530 1,760 1,260
現行 11,510 11,510 11,510 11,430 11,430 11,430 11,430 10,870 10,870 10,870 10,330 10,330 9,500 9,500 9,500 9,220 8,780 8,780 8,780 8,780 8,780 8,440 8,440 7,990 7,990 7,990 7,990 7,270 7,270 6,400 6,400 6,400 5,630 4,860 3,870 3,240 3,240 3,240 2,530 2,530 1,760 1,760 1,260
改定 11,890 11,890 11,890 11,630 11,630 11,630 11,630 11,070 11,070 11,070 10,530 10,530 10,320 9,780 9,780 9,420 8,980 8,980 8,980 8,980 8,980 8,640 8,640 8,190 8,190 8,190 8,190 7,470 7,470 6,600 6,600 6,600 5,830 5,060 3,870 3,240 3,240 3,240 2,530 2,530 1,760 1,760 1,260
現行 11,510 11,510 11,510 11,430 11,430 11,430 11,430 10,870 10,870 10,870 10,330 10,330 9,500 9,500 9,500 9,220 8,780 8,780 8,780 8,780 8,780 8,440 8,440 7,990 7,990 7,990 7,990 7,270 7,270 6,400 6,400 6,400 5,630 4,860 3,870 3,870 3,870 3,240 3,240 3,240 2,530 1,760 1,260 1,260
改定 11,890 11,890 11,890 11,630 11,630 11,630 11,630 11,070 11,070 11,070 10,530 10,530 10,320 9,780 9,780 9,420 8,980 8,980 8,980 8,980 8,980 8,640 8,640 8,190 8,190 8,190 8,190 7,470 7,470 6,600 6,600 6,600 5,830 5,060 3,870 3,870 3,870 3,240 3,240 3,240 2,530 1,760 1,260 1,260
現行 12,140 12,140 12,140 12,060 12,060 12,060 12,060 11,500 11,500 11,500 10,960 10,960 10,130 10,130 10,130 9,850 9,410 9,410 9,410 9,410 9,410 9,070 9,070 8,620 8,620 8,620 8,620 7,900 7,900 7,030 7,030 7,030 6,260 5,490 4,500 4,500 4,500 3,870 3,870 3,240 3,240 2,530 1,760 1,760 1,260
鹿児島中央
新横浜
小田原
熱海
三島
新富士
静岡
掛川
浜松
豊橋
三河安城
名古屋
岐阜羽島
米原
京都
新大阪
新神戸
西明石
姫路
相生
岡山
新倉敷
福山
新尾道
三原
東広島
広島
新岩国
徳山
新山口
厚狭
新下関
小倉
博多
久留米
筑後船小屋
新大牟田
新玉名
熊本
新八代
新水俣
出水
川内
鹿児島中央
※改定額は通常期にご利用の場合の発売額です。閑散期にご利用の場合は200円引き、繁忙期にご利用の場合は200円を加算、最繁忙期にご利用の場合は400円を加算します（東海道・山陽新幹線区間のみ）。
※ご乗車には、別途「e特急券」の区間を含む乗車券が必要です。
※上記の改定額は予定です。今後変更となる可能性がございます。
三原
厚狭
新下関
博多
出水
川内
改定 12,520 12,520 12,520 12,260 12,260 12,260 12,260 11,700 11,700 11,700 11,160 11,160 10,950 10,410 10,410 10,050 9,610 9,610 9,610 9,610 9,610 9,270 9,270 8,820 8,820 8,820 8,820 8,100 8,100 7,230 7,230 7,230 6,460 5,690 4,500 4,500 4,500 3,870 3,870 3,240 3,240 2,530 1,760 1,760 1,260
=== page 26
品川
改定 1,000
掛川
1-6 e特急券 発売額（単位:円）
■普通車指定席／G特典（ひかり・こだま・さくら・つばめ号ご利用時）:こども1名片道
東京
現行 880
品川
現行 880 880
新横浜
新横浜
改定 1,000 1,000
現行 880 880 880
小田原
小田原
改定 1,010 1,010 1,010
現行 880 880 880 880
熱海
熱海
改定 1,010 1,010 1,010 1,010
現行 880 880 880 880 880
三島
三島
改定 1,010 1,010 1,010 1,010 1,010
現行 1,260 1,260 1,260 880 880 880
新富士
新富士
改定 1,370 1,370 1,370 1,010 1,010 1,010
現行 1,260 1,260 1,260 880 880 880 880
静岡
静岡
改定 1,370 1,370 1,370 1,010 1,010 1,010 1,010
現行 1,700 1,700 1,700 1,260 1,260 1,260 880 880
掛川
改定 1,780 1,780 1,780 1,370 1,370 1,370 1,010 1,010
現行 1,700 1,700 1,700 1,260 1,260 1,260 1,260 880 880
浜松
浜松
改定 1,780 1,780 1,780 1,370 1,370 1,370 1,370 1,010 1,010
現行 1,700 1,700 1,700 1,700 1,260 1,260 1,260 1,260 880 880
豊橋
豊橋
改定 1,800 1,800 1,800 1,800 1,370 1,370 1,370 1,370 1,010 1,010
現行 2,060 2,060 2,060 1,700 1,700 1,700 1,260 1,260 1,260 880 880
三河安城
三河安城
改定 2,140 2,140 2,140 1,800 1,800 1,800 1,370 1,370 1,370 1,010 1,010
現行 2,060 2,060 2,060 1,700 1,700 1,700 1,700 1,260 1,260 1,260 880 880
名古屋
名古屋
改定 2,140 2,140 2,140 1,800 1,800 1,800 1,780 1,370 1,370 1,370 1,010 1,010
現行 2,060 2,060 2,060 2,060 1,700 1,700 1,700 1,700 1,260 1,260 1,260 880 880
岐阜羽島
米原
京都
岐阜羽島
改定 2,160 2,160 2,160 2,160 1,800 1,800 1,800 1,800 1,370 1,370 1,370 1,010 1,010
現行 2,070 2,070 2,070 2,060 2,060 2,060 1,700 1,700 1,700 1,260 1,260 1,260 880 880
米原
改定 2,350 2,350 2,350 2,160 2,160 2,160 1,800 1,800 1,800 1,370 1,370 1,370 1,010 1,010
現行 2,450 2,450 2,280 2,280 2,280 2,060 2,060 2,060 1,700 1,700 1,700 1,260 1,130 1,130 880
京都
改定 2,500 2,500 2,350 2,350 2,350 2,160 2,140 2,140 1,800 1,780 1,780 1,370 1,370 1,370 1,010
現行 2,450 2,450 2,450 2,280 2,280 2,280 2,280 2,060 2,060 1,700 1,700 1,700 1,130 1,130 1,130 880
新大阪
新大阪
改定 2,500 2,500 2,500 2,350 2,350 2,350 2,350 2,140 2,140 1,780 1,780 1,780 1,370 1,370 1,370 1,010
現行 2,450 2,450 2,450 2,450 2,280 2,280 2,280 2,100 2,060 2,000 1,700 1,700 1,500 1,260 1,260 880 880
新神戸
新神戸
改定 2,550 2,550 2,550 2,550 2,380 2,380 2,380 2,350 2,160 2,140 1,800 1,800 1,780 1,370 1,370 1,010 1,010
現行 2,550 2,550 2,450 2,450 2,450 2,280 2,280 2,100 2,060 2,000 2,000 1,700 1,500 1,500 1,260 880 880 880
西明石
西明石
改定 2,700 2,700 2,550 2,550 2,550 2,380 2,380 2,350 2,160 2,140 2,140 1,800 1,780 1,780 1,370 1,010 1,010 1,010
現行 2,590 2,590 2,590 2,450 2,450 2,450 2,280 2,100 2,100 2,000 2,000 2,000 1,560 1,560 1,260 1,260 880 880 880
姫路
姫路
改定 2,700 2,700 2,700 2,550 2,550 2,550 2,380 2,350 2,350 2,140 2,140 2,140 1,780 1,780 1,370 1,370 1,010 1,010 1,010
現行 2,590 2,590 2,590 2,450 2,450 2,450 2,450 2,100 2,100 2,000 2,000 2,000 1,700 1,700 1,700 1,260 1,260 880 880 880
相生
相生
改定 2,700 2,700 2,700 2,550 2,550 2,550 2,550 2,350 2,350 2,350 2,140 2,140 1,800 1,800 1,800 1,370 1,370 1,010 1,010 1,010
現行 2,810 2,810 2,810 2,670 2,670 2,670 2,450 2,100 2,100 2,000 2,000 2,000 2,000 2,000 1,700 1,700 1,260 1,260 1,260 880 880
岡山
岡山
改定 2,950 2,950 2,950 2,770 2,770 2,770 2,550 2,500 2,500 2,350 2,350 2,140 2,140 2,140 1,800 1,780 1,370 1,370 1,370 1,010 1,010
現行 2,810 2,810 2,810 2,670 2,670 2,670 2,670 2,450 2,450 2,260 2,260 2,260 2,060 2,060 2,060 1,700 1,700 1,260 1,260 1,260 880 880
新倉敷
福山
新尾道
新倉敷
改定 2,950 2,950 2,950 2,770 2,770 2,770 2,770 2,550 2,550 2,500 2,360 2,360 2,160 2,160 2,160 1,780 1,780 1,370 1,370 1,370 1,010 1,010
現行 2,810 2,810 2,810 2,810 2,670 2,670 2,670 2,490 2,450 2,260 2,260 2,260 2,260 2,060 2,060 1,700 1,700 1,700 1,260 1,260 1,260 880 880
福山
改定 2,950 2,950 2,950 2,950 2,770 2,770 2,770 2,700 2,550 2,500 2,360 2,360 2,360 2,160 2,160 1,800 1,800 1,800 1,370 1,370 1,370 1,010 1,010
現行 3,050 3,050 2,940 2,940 2,940 2,670 2,670 2,490 2,450 2,260 2,260 2,260 2,260 2,260 2,060 1,700 1,700 1,700 1,260 1,260 1,260 880 880 880
新尾道
改定 3,220 3,220 3,040 3,040 3,040 2,770 2,770 2,700 2,550 2,500 2,500 2,360 2,360 2,360 2,160 1,800 1,800 1,800 1,370 1,370 1,370 1,010 1,010 1,010
現行 3,050 3,050 2,940 2,940 2,940 2,940 2,670 2,490 2,450 2,260 2,260 2,260 2,260 2,260 2,060 1,890 1,700 1,700 1,700 1,260 1,260 880 880 880 880
三原
東広島
広島
三原
改定 3,220 3,220 3,040 3,040 3,040 3,040 2,770 2,700 2,550 2,500 2,500 2,360 2,360 2,360 2,160 2,140 1,800 1,800 1,800 1,370 1,370 1,010 1,010 1,010 1,010
現行 3,050 3,050 3,050 2,940 2,940 2,940 2,940 2,490 2,490 2,260 2,260 2,260 2,260 2,260 2,260 2,080 2,060 1,700 1,700 1,700 1,260 1,260 1,260 880 880 880
東広島
改定 3,220 3,220 3,220 3,040 3,040 3,040 3,040 2,700 2,700 2,700 2,500 2,500 2,360 2,360 2,360 2,160 2,160 1,800 1,800 1,800 1,370 1,370 1,370 1,010 1,010 1,010
現行 3,050 3,050 3,050 3,050 2,940 2,940 2,940 2,490 2,490 2,260 2,260 2,260 2,260 2,260 2,260 2,080 2,060 2,060 1,700 1,700 1,700 1,260 1,260 1,260 880 880 880
広島
改定 3,220 3,220 3,220 3,220 3,040 3,040 3,040 2,950 2,700 2,700 2,700 2,500 2,500 2,360 2,360 2,160 2,160 2,160 1,800 1,800 1,800 1,370 1,370 1,370 1,010 1,010 1,010
現行 3,340 3,340 3,330 3,230 3,230 3,230 2,940 2,940 2,940 2,670 2,670 2,450 2,330 2,330 2,280 2,280 2,060 2,060 2,060 1,700 1,700 1,700 1,260 1,260 1,260 1,260 880 880
新岩国
徳山
新山口
厚狭
新岩国
改定 3,480 3,480 3,480 3,330 3,330 3,330 3,040 3,040 3,040 2,770 2,770 2,550 2,500 2,500 2,380 2,360 2,160 2,160 2,160 1,800 1,800 1,800 1,370 1,370 1,370 1,370 1,010 1,010
現行 3,340 3,340 3,330 3,230 3,230 3,230 3,230 3,230 2,940 2,940 2,670 2,670 2,330 2,330 2,330 2,310 2,280 2,060 2,060 2,060 2,060 1,700 1,700 1,260 1,260 1,260 1,260 880 880
徳山
改定 3,480 3,480 3,480 3,330 3,330 3,330 3,330 3,330 3,040 3,040 2,770 2,770 2,700 2,500 2,500 2,380 2,350 2,160 2,160 2,160 2,160 1,800 1,800 1,370 1,370 1,370 1,370 1,010 1,010
現行 3,610 3,610 3,330 3,330 3,330 3,330 3,230 3,230 2,940 2,940 2,940 2,670 2,330 2,330 2,330 2,330 2,280 2,280 2,280 2,060 2,060 1,700 1,700 1,700 1,700 1,700 1,260 1,260 880 880
新山口
改定 3,750 3,750 3,480 3,480 3,480 3,480 3,330 3,330 3,040 3,040 3,040 2,770 2,700 2,700 2,500 2,500 2,380 2,380 2,380 2,160 2,160 1,800 1,800 1,800 1,800 1,800 1,370 1,370 1,010 1,010
現行 3,780 3,780 3,580 3,500 3,500 3,500 3,500 3,230 3,230 3,230 2,940 2,940 2,570 2,570 2,570 2,480 2,450 2,280 2,280 2,280 2,060 2,060 2,060 1,700 1,700 1,700 1,260 1,260 1,260 880 880
厚狭
改定 3,880 3,880 3,750 3,600 3,600 3,600 3,600 3,330 3,330 3,330 3,040 3,040 2,700 2,700 2,700 2,550 2,500 2,380 2,380 2,380 2,160 2,160 2,160 1,800 1,800 1,800 1,370 1,370 1,370 1,010 1,010
現行 3,780 3,780 3,580 3,580 3,500 3,500 3,500 3,500 3,230 3,230 2,940 2,940 2,570 2,570 2,570 2,480 2,450 2,280 2,280 2,280 2,280 2,060 2,060 1,700 1,700 1,700 1,700 1,260 1,260 1,260 880 880
新下関
小倉
博多
新下関
改定 3,880 3,880 3,750 3,750 3,600 3,600 3,600 3,600 3,330 3,330 3,040 3,040 2,950 2,700 2,700 2,550 2,500 2,380 2,380 2,380 2,380 2,160 2,160 1,800 1,800 1,800 1,800 1,370 1,370 1,370 1,010 1,010
現行 3,820 3,820 3,580 3,580 3,580 3,500 3,500 3,500 3,230 3,230 3,230 2,940 2,570 2,570 2,570 2,480 2,450 2,450 2,280 2,280 2,280 2,060 2,060 2,060 1,700 1,700 1,700 1,700 1,260 1,260 880 880 880
小倉
改定 4,010 4,010 3,750 3,750 3,750 3,600 3,600 3,600 3,330 3,330 3,330 3,040 2,950 2,950 2,700 2,580 2,550 2,550 2,380 2,380 2,380 2,160 2,160 2,160 1,800 1,800 1,800 1,780 1,370 1,370 1,010 1,010 1,010
現行 3,820 3,820 3,820 3,780 3,780 3,780 3,780 3,500 3,500 3,500 3,230 3,230 2,810 2,810 2,810 2,670 2,450 2,450 2,450 2,450 2,450 2,280 2,280 2,060 2,060 2,060 2,060 1,700 1,700 1,260 1,260 1,260 880 880
博多
改定 4,010 4,010 4,010 3,880 3,880 3,880 3,880 3,600 3,600 3,600 3,330 3,330 3,220 2,950 2,950 2,770 2,550 2,550 2,550 2,550 2,550 2,380 2,380 2,160 2,160 2,160 2,160 1,800 1,800 1,370 1,370 1,370 1,010 1,010
現行 4,250 4,250 4,250 4,210 4,210 4,210 4,210 3,930 3,930 3,930 3,660 3,660 3,240 3,240 3,240 3,100 2,890 2,890 2,890 2,890 2,890 2,720 2,720 2,490 2,490 2,490 2,490 2,130 2,130 1,690 1,690 1,690 1,310 920 630
新鳥栖 新鳥栖
改定 4,440 4,440 4,440 4,310 4,310 4,310 4,310 4,030 4,030 4,030 3,760 3,760 3,650 3,380 3,380 3,200 2,980 2,980 2,980 2,980 2,980 2,810 2,810 2,590 2,590 2,590 2,590 2,230 2,230 1,800 1,800 1,800 1,410 1,020 630
現行 4,250 4,250 4,250 4,210 4,210 4,210 4,210 3,930 3,930 3,930 3,660 3,660 3,240 3,240 3,240 3,100 2,890 2,890 2,890 2,890 2,890 2,720 2,720 2,490 2,490 2,490 2,490 2,130 2,130 1,690 1,690 1,690 1,310 920 630 630
久留米 久留米
改定 4,440 4,440 4,440 4,310 4,310 4,310 4,310 4,030 4,030 4,030 3,760 3,760 3,650 3,380 3,380 3,200 2,980 2,980 2,980 2,980 2,980 2,810 2,810 2,590 2,590 2,590 2,590 2,230 2,230 1,800 1,800 1,800 1,410 1,020 630 630
現行 4,450 4,450 4,450 4,410 4,410 4,410 4,410 4,130 4,130 4,130 3,860 3,860 3,440 3,440 3,440 3,300 3,080 3,080 3,080 3,080 3,080 2,910 2,910 2,690 2,690 2,690 2,690 2,330 2,330 1,890 1,890 1,890 1,510 1,120 630 630 630
筑後船小屋
筑後船小屋
改定 4,640 4,640 4,640 4,510 4,510 4,510 4,510 4,230 4,230 4,230 3,960 3,960 3,850 3,580 3,580 3,400 3,180 3,180 3,180 3,180 3,180 3,010 3,010 2,790 2,790 2,790 2,790 2,420 2,420 1,990 1,990 1,990 1,610 1,220 630 630 630
現行 4,700 4,700 4,700 4,660 4,660 4,660 4,660 4,380 4,380 4,380 4,110 4,110 3,690 3,690 3,690 3,550 3,330 3,330 3,330 3,330 3,330 3,160 3,160 2,940 2,940 2,940 2,940 2,580 2,580 2,140 2,140 2,140 1,760 1,370 880 630 630 630
新大牟田 新大牟田
改定 4,890 4,890 4,890 4,760 4,760 4,760 4,760 4,480 4,480 4,480 4,210 4,210 4,100 3,830 3,830 3,650 3,430 3,430 3,430 3,430 3,430 3,260 3,260 3,040 3,040 3,040 3,040 2,680 2,670 2,240 2,240 2,240 1,860 1,470 880 630 630 630
現行 4,700 4,700 4,700 4,660 4,660 4,660 4,660 4,380 4,380 4,380 4,110 4,110 3,690 3,690 3,690 3,550 3,330 3,330 3,330 3,330 3,330 3,160 3,160 2,940 2,940 2,940 2,940 2,580 2,580 2,140 2,140 2,140 1,760 1,370 880 880 880 630 630
新玉名
新玉名
改定 4,890 4,890 4,890 4,760 4,760 4,760 4,760 4,480 4,480 4,480 4,210 4,210 4,100 3,830 3,830 3,650 3,430 3,430 3,430 3,430 3,430 3,260 3,260 3,040 3,040 3,040 3,040 2,670 2,670 2,240 2,240 2,240 1,860 1,470 880 880 880 630 630
現行 5,080 5,080 5,080 5,040 5,040 5,040 5,040 4,760 4,760 4,760 4,490 4,490 4,070 4,070 4,070 3,930 3,720 3,720 3,720 3,720 3,720 3,550 3,550 3,320 3,320 3,320 3,320 2,960 2,960 2,520 2,520 2,520 2,140 1,750 1,260 880 880 880 630 630
熊本 熊本
改定 5,270 5,270 5,270 5,140 5,140 5,140 5,140 4,860 4,860 4,860 4,590 4,590 4,480 4,210 4,210 4,030 3,820 3,820 3,820 3,810 3,810 3,640 3,640 3,420 3,420 3,420 3,420 3,060 3,060 2,620 2,620 2,620 2,240 1,850 1,260 880 880 880 630 630
現行 5,080 5,080 5,080 5,040 5,040 5,040 5,040 4,760 4,760 4,760 4,490 4,490 4,070 4,070 4,070 3,930 3,720 3,720 3,720 3,720 3,720 3,550 3,550 3,320 3,320 3,320 3,320 2,960 2,960 2,520 2,520 2,520 2,140 1,750 1,260 1,260 1,260 880 880 880 630
新八代
新八代
改定 5,270 5,270 5,270 5,140 5,140 5,140 5,140 4,860 4,860 4,860 4,590 4,590 4,480 4,210 4,210 4,030 3,810 3,810 3,810 3,810 3,810 3,640 3,640 3,420 3,420 3,420 3,420 3,060 3,060 2,620 2,620 2,620 2,240 1,850 1,260 1,260 1,260 880 880 880 630
現行 5,440 5,440 5,440 5,400 5,400 5,400 5,400 5,120 5,120 5,120 4,850 4,850 4,430 4,430 4,430 4,290 4,070 4,070 4,070 4,070 4,070 3,900 3,900 3,680 3,680 3,680 3,680 3,320 3,320 2,880 2,880 2,880 2,500 2,110 1,620 1,620 1,620 1,260 1,260 1,260 880 630
新水俣 新水俣
改定 5,630 5,630 5,630 5,500 5,500 5,500 5,500 5,220 5,220 5,220 4,950 4,950 4,840 4,570 4,570 4,390 4,170 4,170 4,170 4,170 4,170 4,000 4,000 3,770 3,770 3,770 3,770 3,420 3,420 2,980 2,980 2,980 2,590 2,210 1,620 1,620 1,620 1,260 1,260 1,260 880 630
現行 5,750 5,750 5,750 5,710 5,710 5,710 5,710 5,430 5,430 5,430 5,160 5,160 4,740 4,740 4,740 4,600 4,390 4,390 4,390 4,390 4,390 4,220 4,220 3,990 3,990 3,990 3,990 3,630 3,630 3,190 3,190 3,190 2,810 2,420 1,930 1,620 1,620 1,620 1,260 1,260 880 880 630
出水
改定 5,940 5,940 5,940 5,810 5,810 5,810 5,810 5,530 5,530 5,530 5,260 5,260 5,150 4,880 4,880 4,700 4,490 4,490 4,490 4,480 4,480 4,310 4,310 4,090 4,090 4,090 4,090 3,730 3,730 3,290 3,290 3,290 2,910 2,520 1,930 1,620 1,620 1,620 1,260 1,260 880 880 630
現行 5,750 5,750 5,750 5,710 5,710 5,710 5,710 5,430 5,430 5,430 5,160 5,160 4,740 4,740 4,740 4,600 4,390 4,390 4,390 4,390 4,390 4,220 4,220 3,990 3,990 3,990 3,990 3,630 3,630 3,190 3,190 3,190 2,810 2,420 1,930 1,930 1,930 1,620 1,620 1,620 1,260 880 630 630
川内 川内
改定 5,940 5,940 5,940 5,810 5,810 5,810 5,810 5,530 5,530 5,530 5,260 5,260 5,150 4,880 4,880 4,700 4,480 4,480 4,480 4,480 4,480 4,310 4,310 4,090 4,090 4,090 4,090 3,730 3,730 3,290 3,290 3,290 2,910 2,520 1,930 1,930 1,930 1,620 1,620 1,620 1,260 880 630 630
現行 6,070 6,070 6,070 6,030 6,030 6,030 6,030 5,750 5,750 5,750 5,480 5,480 5,060 5,060 5,060 4,920 4,700 4,700 4,700 4,700 4,700 4,530 4,530 4,310 4,310 4,310 4,310 3,950 3,950 3,510 3,510 3,510 3,130 2,740 2,250 2,250 2,250 1,930 1,930 1,620 1,620 1,260 880 880 630
鹿児島中央
鹿児島中央
改定 6,260 6,260 6,260 6,130 6,130 6,130 6,130 5,850 5,850 5,850 5,580 5,580 5,470 5,200 5,200 5,020 4,800 4,800 4,800 4,800 4,800 4,630 4,630 4,410 4,410 4,410 4,410 4,040 4,040 3,610 3,610 3,610 3,230 2,840 2,250 2,250 2,250 1,930 1,930 1,620 1,620 1,260 880 880 630
※改定額は通常期にご利用の場合の発売額です。閑散期にご利用の場合は100円引き、繁忙期にご利用の場合は100円を加算、最繁忙期にご利用の場合は200円を加算します（東海道・山陽新幹線区間のみ）。
※ご乗車には、別途「e特急券」の区間を含む乗車券が必要です。
※上記の改定額は予定です。今後変更となる可能性がございます。
出水
=== page 27
品川
浜松
名古屋
新大阪
1-6 e特急券 発売額（単位:円）
■グリーン車用（ひかり・こだま・さくら・つばめ号ご利用時）:おとな1名片道
東京
現行 2,520
品川
改定 2,780
現行 2,520 2,520
新横浜
新横浜
改定 2,780 2,780
現行 2,520 2,520 2,520
小田原
小田原
改定 2,790 2,790 2,790
現行 2,520 2,520 2,520 2,520
熱海
熱海
改定 4,290 2,790 2,790 2,790
現行 3,830 3,830 2,520 2,520 2,520
三島
三島
改定 4,290 4,290 2,790 2,790 2,790
現行 4,600 4,600 4,600 2,520 2,520 2,520
新富士
新富士
改定 5,020 5,020 5,020 2,790 2,790 2,790
現行 4,600 4,600 4,600 2,520 2,520 2,520 2,520
静岡
静岡
改定 5,020 5,020 5,020 2,790 2,790 2,790 2,790
現行 6,600 6,600 6,600 4,790 4,790 4,790 2,520 2,520
掛川
掛川
改定 7,220 7,220 7,220 5,020 5,020 5,020 2,790 2,790
現行 6,600 6,600 6,600 4,790 4,790 4,790 4,790 2,520 2,520
浜松
改定 7,220 7,220 7,220 5,020 5,020 5,020 5,020 2,790 2,790
現行 6,600 6,600 6,600 6,600 4,790 4,790 4,790 4,790 2,520 2,520
豊橋
豊橋
改定 7,260 7,260 7,260 7,260 5,020 5,020 5,020 5,020 2,790 2,790
現行 7,790 7,790 7,790 7,060 7,060 7,060 4,790 4,790 4,790 2,520 2,520
三河安城
三河安城
改定 7,950 7,950 7,950 7,260 7,260 7,260 5,020 5,020 5,020 2,790 2,790
現行 7,790 7,790 7,790 7,060 7,060 7,060 7,060 4,790 4,790 4,790 2,520 2,520
名古屋
改定 7,950 7,950 7,950 7,260 7,260 7,260 7,220 5,020 5,020 5,020 2,790 2,790
現行 7,790 7,790 7,790 7,790 7,060 7,060 7,060 7,060 4,790 4,790 4,790 2,520 2,520
岐阜羽島
岐阜羽島
改定 7,990 7,990 7,990 7,990 7,260 7,260 7,260 7,260 5,020 5,020 5,020 2,790 2,790
現行 9,010 9,010 9,010 7,790 7,790 7,790 7,060 7,060 7,060 4,790 4,790 4,790 2,520 2,520
米原
米原
改定 9,570 9,570 9,570 7,990 7,990 7,990 7,260 7,260 7,260 5,020 5,020 5,020 2,790 2,790
現行 9,770 9,770 9,430 9,430 9,430 7,790 7,790 7,790 7,060 7,060 7,060 4,790 4,530 4,530 2,520
京都
京都
改定 9,870 9,870 9,570 9,570 9,570 7,990 7,950 7,950 7,260 7,220 7,220 5,020 5,020 5,020 2,790
現行 9,770 9,770 9,770 9,430 9,430 9,430 9,430 7,790 7,790 7,060 7,060 7,060 4,530 4,530 4,530 2,520
新大阪
改定 9,870 9,870 9,870 9,570 9,570 9,570 9,570 7,950 7,950 7,220 7,220 7,220 5,020 5,020 5,020 2,790
現行 9,770 9,770 9,770 9,770 9,430 9,430 9,430 9,070 7,790 7,660 7,060 7,060 6,660 4,790 4,790 2,520 2,520
新神戸
新神戸
改定 9,980 9,980 9,980 9,980 9,640 9,640 9,640 9,570 7,990 7,950 7,260 7,260 7,220 5,020 5,020 2,790 2,790
現行 11,170 11,170 9,770 9,770 9,770 9,430 9,430 9,070 7,790 7,660 7,660 7,060 6,660 6,660 4,790 2,520 2,520 2,520
西明石
西明石
改定 11,470 11,470 9,980 9,980 9,980 9,640 9,640 9,570 7,990 7,950 7,950 7,260 7,220 7,220 5,020 2,790 2,790 2,790
現行 11,250 11,250 11,250 9,770 9,770 9,770 9,430 9,070 9,070 7,660 7,660 7,660 6,790 6,790 4,790 4,790 2,520 2,520 2,520
姫路
姫路
改定 11,470 11,470 11,470 9,980 9,980 9,980 9,640 9,570 9,570 7,950 7,950 7,950 7,220 7,220 5,020 5,020 2,790 2,790 2,790
現行 11,250 11,250 11,250 9,770 9,770 9,770 9,770 9,070 9,070 8,860 7,660 7,660 7,060 7,060 7,060 4,790 4,790 2,520 2,520 2,520
相生
相生
改定 11,470 11,470 11,470 9,980 9,980 9,980 9,980 9,570 9,570 9,570 7,950 7,950 7,260 7,260 7,260 5,020 5,020 2,790 2,790 2,790
現行 11,700 11,700 11,700 11,420 11,420 11,420 9,770 9,070 9,070 8,860 8,860 7,660 7,660 7,660 7,060 7,060 4,790 4,790 4,790 2,520 2,520
岡山
岡山
改定 11,980 11,980 11,980 11,620 11,620 11,620 9,980 9,870 9,870 9,570 9,570 7,950 7,950 7,950 7,260 7,220 5,020 5,020 5,020 2,790 2,790
現行 11,700 11,700 11,700 11,420 11,420 11,420 10,210 9,770 9,770 9,390 9,390 8,190 7,790 7,790 7,790 7,060 5,660 4,790 4,790 4,790 2,520 2,290
新倉敷
新倉敷
改定 11,980 11,980 11,980 11,620 11,620 11,620 11,620 9,980 9,980 9,870 9,600 9,600 7,990 7,990 7,990 7,220 7,220 5,020 5,020 5,020 2,790 2,790
現行 11,700 11,700 11,700 11,700 11,420 11,420 11,420 11,060 9,770 9,390 9,390 9,390 9,390 7,790 7,790 7,060 7,060 7,060 4,790 4,790 4,790 2,520 2,290
福山
新尾道
福山
改定 11,980 11,980 11,980 11,980 11,620 11,620 11,620 11,470 9,980 9,870 9,600 9,600 9,600 7,990 7,990 7,260 7,260 7,260 5,020 5,020 5,020 2,790 2,790
現行 12,180 12,180 11,960 11,960 11,960 11,420 11,420 11,060 9,770 9,390 9,390 9,390 9,390 8,190 7,790 7,060 7,060 7,060 4,790 4,790 4,790 2,520 2,290 2,290
新尾道
改定 13,710 13,710 12,160 12,160 12,160 11,620 11,620 11,470 9,980 9,870 9,870 9,600 9,600 9,600 7,990 7,260 7,260 7,260 5,020 5,020 5,020 2,790 2,790 2,790
現行 12,180 12,180 11,960 11,960 11,960 11,960 11,420 11,060 9,770 9,390 9,390 9,390 9,390 8,190 7,790 7,440 7,060 7,060 5,660 4,790 4,790 2,520 2,290 2,290 2,290
三原
東広島
改定 13,710 13,710 12,160 12,160 12,160 12,160 11,620 11,470 9,980 9,870 9,870 9,600 9,600 9,600 7,990 7,950 7,260 7,260 7,260 5,020 5,020 2,790 2,790 2,790 2,790
現行 12,180 12,180 12,180 11,960 11,960 11,960 11,960 11,060 9,850 9,390 9,390 9,390 9,390 8,190 8,190 7,830 7,780 7,060 5,660 5,660 4,790 3,290 3,060 2,290 2,290 2,290
東広島
改定 13,710 13,710 13,710 12,160 12,160 12,160 12,160 11,470 11,470 11,470 9,870 9,870 9,600 9,600 9,600 7,980 7,980 7,260 7,260 7,260 5,020 5,020 5,020 2,790 2,790 2,790
現行 12,710 12,710 12,710 12,710 11,960 11,960 11,960 11,060 11,060 10,600 10,600 9,390 9,390 9,390 9,390 7,830 7,780 7,780 7,060 7,060 7,060 4,790 4,790 4,790 2,290 2,290 2,290
広島
広島
改定 13,710 13,710 13,710 13,710 12,160 12,160 12,160 11,980 11,470 11,470 11,470 9,870 9,870 9,600 9,600 7,980 7,980 7,980 7,260 7,260 7,260 5,020 5,020 5,020 2,790 2,790 2,790
現行 13,290 13,290 13,260 13,060 12,530 12,530 11,960 11,960 11,960 11,420 11,420 9,770 9,520 9,520 9,430 8,230 7,780 7,780 7,780 7,060 7,060 5,660 4,790 4,790 3,060 3,060 2,290 2,290
新岩国
徳山
新岩国
改定 14,230 14,230 14,230 13,920 13,920 13,920 12,160 12,160 12,160 11,620 11,620 9,980 9,870 9,870 9,640 9,590 7,980 7,980 7,980 7,260 7,260 7,260 5,020 5,020 5,020 5,020 2,790 2,790
現行 13,290 13,290 13,260 13,060 13,060 13,060 13,060 13,060 11,960 11,960 11,420 11,420 10,060 9,520 9,520 9,320 9,270 7,780 7,780 7,780 7,780 7,060 5,660 4,790 3,290 3,290 3,290 2,520 2,290
徳山
改定 14,230 14,230 14,230 13,920 13,920 13,920 13,920 13,920 12,160 12,160 11,620 11,620 11,470 9,870 9,870 9,640 9,570 7,980 7,980 7,980 7,980 7,260 7,260 5,020 5,020 5,020 5,020 2,790 2,790
現行 13,820 13,820 13,260 13,260 13,260 13,260 13,060 13,060 11,960 11,960 11,960 11,420 10,060 10,060 9,520 9,360 9,270 9,090 9,090 7,780 7,780 7,060 7,060 7,060 5,660 5,660 4,790 4,790 2,520 2,520
新山口
新山口
改定 14,760 14,760 14,230 14,230 14,230 14,230 13,920 13,920 12,160 12,160 12,160 11,620 11,470 11,470 9,870 9,870 9,640 9,640 9,640 7,980 7,980 7,260 7,260 7,260 7,260 7,260 5,020 5,020 2,790 2,790
現行 14,160 14,160 13,760 13,600 13,600 13,600 13,600 13,060 12,530 12,530 11,960 11,960 10,540 10,540 10,000 9,660 9,610 9,090 9,090 8,230 7,780 7,780 7,780 7,060 5,660 5,660 4,790 4,790 3,290 2,520 2,290
厚狭
改定 15,020 15,020 14,760 14,460 14,460 14,460 14,460 13,920 13,920 13,920 12,160 12,160 11,470 11,470 11,470 9,980 9,880 9,640 9,640 9,640 7,980 7,980 7,980 7,260 7,260 7,260 5,020 5,020 5,020 2,790 2,790
現行 14,160 14,160 13,760 13,760 13,600 13,600 13,600 13,600 12,530 12,530 11,960 11,960 10,540 10,540 10,000 9,660 9,610 9,090 9,090 8,230 8,230 7,780 7,780 7,060 5,660 5,660 5,660 4,790 3,290 3,290 2,290 2,290
新下関
改定 15,020 15,020 14,760 14,760 14,460 14,460 14,460 14,460 13,920 13,920 12,160 12,160 11,980 11,470 11,470 9,980 9,880 9,640 9,640 9,640 9,640 7,980 7,980 7,260 7,260 7,260 7,260 5,020 5,020 5,020 2,790 2,790
現行 14,240 14,240 13,760 13,760 13,760 13,600 13,600 13,600 13,060 13,060 13,060 11,960 10,540 10,540 10,540 9,660 9,610 9,430 9,090 9,090 9,090 7,780 7,780 7,780 7,060 7,060 7,060 7,060 4,790 4,790 2,520 2,290 2,290
小倉
小倉
改定 15,280 15,280 14,760 14,760 14,760 14,460 14,460 14,460 13,920 13,920 13,920 12,160 11,980 11,980 11,470 10,030 9,980 9,980 9,640 9,640 9,640 7,980 7,980 7,980 7,260 7,260 7,260 7,220 5,020 5,020 2,790 2,790 2,790
現行 14,240 14,240 14,240 14,160 14,160 14,160 14,160 13,600 13,600 13,600 13,060 13,060 12,230 11,700 11,700 10,750 10,310 9,430 9,430 9,430 9,430 9,090 8,230 7,780 7,780 7,780 7,780 7,060 5,660 4,790 4,790 3,290 2,520 2,520
博多
改定 15,280 15,280 15,280 15,020 15,020 15,020 15,020 14,460 14,460 14,460 13,920 13,920 13,710 11,980 11,980 11,620 11,180 9,980 9,980 9,980 9,980 9,640 9,640 7,980 7,980 7,980 7,980 7,260 7,260 5,020 5,020 5,020 2,790 2,790
現行 16,310 16,310 16,310 16,230 16,230 16,230 16,230 15,670 15,670 15,670 15,130 15,130 14,300 13,770 13,770 12,820 12,330 11,460 11,460 11,460 11,460 11,120 10,220 9,810 9,810 9,810 9,810 9,090 7,640 6,810 6,810 5,220 4,530 3,760 2,260
新鳥栖 新鳥栖
改定 17,450 17,450 17,450 17,190 17,190 17,190 17,190 16,630 16,630 16,630 16,090 16,090 15,880 14,150 14,150 13,790 13,350 12,150 12,150 12,150 12,150 11,810 11,810 10,150 10,150 10,150 10,150 9,430 9,430 7,170 7,170 7,170 4,900 4,130 2,260
現行 16,310 16,310 16,310 16,230 16,230 16,230 16,230 15,670 15,670 15,670 15,130 15,130 14,300 13,770 13,770 12,820 12,330 11,460 11,460 11,460 11,460 11,120 10,220 9,810 9,810 9,810 9,810 9,090 7,640 6,810 6,810 5,220 4,530 3,760 2,260 2,260
久留米 久留米
改定 17,450 17,450 17,450 17,190 17,190 17,190 17,190 16,630 16,630 16,630 16,090 16,090 15,880 14,150 14,150 13,790 13,350 12,150 12,150 12,150 12,150 11,810 11,810 10,150 10,150 10,150 10,150 9,430 9,430 7,170 7,170 7,170 4,900 4,130 2,260 2,260
現行 16,700 16,700 16,700 16,620 16,620 16,620 16,620 16,060 16,060 16,060 15,520 15,520 14,690 14,160 14,160 13,210 12,720 11,850 11,850 11,850 11,850 11,510 10,610 10,200 10,200 10,200 10,200 9,480 8,030 7,200 7,200 5,610 4,920 4,150 2,260 2,260 2,260
筑後船小屋
筑後船小屋
改定 17,840 17,840 17,840 17,580 17,580 17,580 17,580 17,020 17,020 17,020 16,480 16,480 16,270 14,540 14,540 14,180 13,740 12,540 12,540 12,540 12,540 12,200 12,200 10,540 10,540 10,540 10,540 9,820 9,820 7,560 7,560 7,560 5,290 4,520 2,260 2,260 2,260
現行 17,200 17,200 17,200 17,120 17,120 17,120 17,120 16,560 16,560 16,560 16,020 16,020 15,190 14,660 14,660 13,710 13,220 12,350 12,350 12,350 12,350 12,010 11,110 10,700 10,700 10,700 10,700 9,980 8,530 7,700 7,700 6,110 5,420 4,650 2,760 2,260 2,260 2,260
新大牟田 新大牟田
改定 18,340 18,340 18,340 18,080 18,080 18,080 18,080 17,520 17,520 17,520 16,980 16,980 16,770 15,040 15,040 14,680 14,240 13,040 13,040 13,040 13,040 12,700 12,700 11,040 11,040 11,040 11,040 10,320 10,320 8,060 8,060 8,060 5,790 5,020 2,760 2,260 2,260 2,260
現行 17,200 17,200 17,200 17,120 17,120 17,120 17,120 16,560 16,560 16,560 16,020 16,020 15,190 14,660 14,660 13,710 13,220 12,350 12,350 12,350 12,350 12,010 11,110 10,700 10,700 10,700 10,700 9,980 8,530 7,700 7,700 6,110 5,420 4,650 2,760 2,760 2,760 2,260 2,260
新玉名
新玉名
改定 18,340 18,340 18,340 18,080 18,080 18,080 18,080 17,520 17,520 17,520 16,980 16,980 16,770 15,040 15,040 14,680 14,240 13,040 13,040 13,040 13,040 12,700 12,700 11,040 11,040 11,040 11,040 10,320 10,320 8,060 8,060 8,060 5,790 5,020 2,760 2,760 2,760 2,260 2,260
現行 19,470 19,470 19,470 19,390 19,390 19,390 19,390 18,830 18,830 18,830 18,290 18,290 17,460 16,930 16,930 15,980 15,420 14,560 14,560 14,560 14,560 14,220 13,270 12,920 12,920 12,920 12,920 12,200 10,670 9,920 9,920 8,220 7,620 6,850 5,030 2,760 2,760 2,760 2,260 2,260
熊本 熊本
改定 20,610 20,610 20,610 20,350 20,350 20,350 20,350 19,790 19,790 19,790 19,250 19,250 19,040 17,310 17,310 16,950 16,510 15,310 15,310 15,310 15,310 14,970 14,970 13,310 13,310 13,310 13,310 12,590 12,590 10,330 10,330 10,330 8,060 7,290 5,030 2,760 2,760 2,760 2,260 2,260
現行 19,470 19,470 19,470 19,390 19,390 19,390 19,390 18,830 18,830 18,830 18,290 18,290 17,460 16,930 16,930 15,980 15,420 14,560 14,560 14,560 14,560 14,220 13,270 12,920 12,920 12,920 12,920 12,200 10,670 9,920 9,920 8,220 7,620 6,850 5,030 5,030 5,030 2,760 2,760 2,760 2,260
新八代
新八代
改定 20,610 20,610 20,610 20,350 20,350 20,350 20,350 19,790 19,790 19,790 19,250 19,250 19,040 17,310 17,310 16,950 16,510 15,310 15,310 15,310 15,310 14,970 14,970 13,310 13,310 13,310 13,310 12,590 12,590 10,330 10,330 10,330 8,060 7,290 5,030 5,030 5,030 2,760 2,760 2,760 2,260
現行 20,180 20,180 20,180 20,100 20,100 20,100 20,100 19,540 19,540 19,540 19,000 19,000 18,170 17,640 17,640 16,690 16,130 15,270 15,270 15,270 15,270 14,930 13,980 13,630 13,630 13,630 13,630 12,910 11,380 10,630 10,630 8,930 8,330 7,560 5,740 5,740 5,740 5,030 5,030 5,030 2,760 2,260
新水俣 新水俣
改定 21,320 21,320 21,320 21,060 21,060 21,060 21,060 20,500 20,500 20,500 19,960 19,960 19,750 18,020 18,020 17,660 17,220 16,020 16,020 16,020 16,020 15,680 15,680 14,020 14,020 14,020 14,020 13,300 13,300 11,040 11,040 11,040 8,770 8,000 5,740 5,740 5,740 5,030 5,030 5,030 2,760 2,260
現行 22,200 22,200 22,200 22,120 22,120 22,120 22,120 21,560 21,560 21,560 21,020 21,020 20,190 19,660 19,660 18,710 18,110 17,270 17,270 17,270 17,270 16,930 15,950 15,630 15,630 15,630 15,630 14,910 13,330 12,620 12,620 10,870 10,320 9,550 7,760 5,740 5,740 5,740 5,030 5,030 2,760 2,760 2,260
出水
改定 23,340 23,340 23,340 23,080 23,080 23,080 23,080 22,520 22,520 22,520 21,980 21,980 21,770 20,040 20,040 19,680 19,240 18,040 18,040 18,040 18,040 17,700 17,700 16,040 16,040 16,040 16,040 15,320 15,320 13,060 13,060 13,060 10,790 10,020 7,760 5,740 5,740 5,740 5,030 5,030 2,760 2,760 2,260
現行 22,200 22,200 22,200 22,120 22,120 22,120 22,120 21,560 21,560 21,560 21,020 21,020 20,190 19,660 19,660 18,710 18,110 17,270 17,270 17,270 17,270 16,930 15,950 15,630 15,630 15,630 15,630 14,910 13,330 12,620 12,620 10,870 10,320 9,550 7,760 7,760 7,760 5,740 5,740 5,740 5,030 2,760 2,260 2,260
川内 川内
改定 23,340 23,340 23,340 23,080 23,080 23,080 23,080 22,520 22,520 22,520 21,980 21,980 21,770 20,040 20,040 19,680 19,240 18,040 18,040 18,040 18,040 17,700 17,700 16,040 16,040 16,040 16,040 15,320 15,320 13,060 13,060 13,060 10,790 10,020 7,760 7,760 7,760 5,740 5,740 5,740 5,030 2,760 2,260 2,260
現行 22,830 22,830 22,830 22,750 22,750 22,750 22,750 22,190 22,190 22,190 21,650 21,650 20,820 20,290 20,290 19,340 18,740 17,900 17,900 17,900 17,900 17,560 16,580 16,260 16,260 16,260 16,260 15,540 13,960 13,250 13,250 11,500 10,950 10,180 8,390 8,390 8,390 7,760 7,760 5,740 5,740 5,030 2,760 2,760 2,260
鹿児島中央
鹿児島中央
改定 23,970 23,970 23,970 23,710 23,710 23,710 23,710 23,150 23,150 23,150 22,610 22,610 22,400 20,670 20,670 20,310 19,870 18,670 18,670 18,670 18,670 18,330 18,330 16,670 16,670 16,670 16,670 15,950 15,950 13,690 13,690 13,690 11,420 10,650 8,390 8,390 8,390 7,760 7,760 5,740 5,740 5,030 2,760 2,760 2,260
※改定額は通常期にご利用の場合の発売額です。閑散期にご利用の場合は200円引き、繁忙期にご利用の場合は200円を加算、最繁忙期にご利用の場合は400円を加算します（東海道・山陽新幹線区間のみ）。
※全区間グリーン車を利用した場合の発売額です。新幹線を乗り継ぐ予約で、一部区間のみグリーン車をご利用の場合は、記載の発売額と異なる場合があります。
※ご乗車には、別途「e特急券」の区間を含む乗車券が必要です。
※上記の改定額は予定です。今後変更となる可能性がございます。
三原
厚狭
新下関
博多
出水
=== page 28
品川
浜松
名古屋
新大阪
1-6 e特急券 発売額（単位:円）
■グリーン車用（ひかり・こだま・さくら・つばめ号ご利用時）:こども1名片道
東京
現行 1,640
品川
改定 1,770
現行 1,640 1,640
新横浜
新横浜
改定 1,770 1,770
現行 1,640 1,640 1,640
小田原
小田原
改定 1,780 1,780 1,780
現行 1,640 1,640 1,640 1,640
熱海
熱海
改定 3,280 1,780 1,780 1,780
現行 2,950 2,950 1,640 1,640 1,640
三島
三島
改定 3,280 3,280 1,780 1,780 1,780
現行 3,330 3,330 3,330 1,640 1,640 1,640
新富士
新富士
改定 3,640 3,640 3,640 1,780 1,780 1,780
現行 3,330 3,330 3,330 1,640 1,640 1,640 1,640
静岡
静岡
改定 3,640 3,640 3,640 1,780 1,780 1,780 1,780
現行 4,900 4,900 4,900 3,520 3,520 3,520 1,640 1,640
掛川
掛川
改定 5,440 5,440 5,440 3,640 3,640 3,640 1,780 1,780
現行 4,900 4,900 4,900 3,520 3,520 3,520 3,520 1,640 1,640
浜松
改定 5,440 5,440 5,440 3,640 3,640 3,640 3,640 1,780 1,780
現行 4,900 4,900 4,900 4,900 3,520 3,520 3,520 3,520 1,640 1,640
豊橋
豊橋
改定 5,460 5,460 5,460 5,460 3,640 3,640 3,640 3,640 1,780 1,780
現行 5,720 5,720 5,720 5,360 5,360 5,360 3,520 3,520 3,520 1,640 1,640
三河安城
三河安城
改定 5,800 5,800 5,800 5,460 5,460 5,460 3,640 3,640 3,640 1,780 1,780
現行 5,720 5,720 5,720 5,360 5,360 5,360 5,360 3,520 3,520 3,520 1,640 1,640
名古屋
改定 5,800 5,800 5,800 5,460 5,460 5,460 5,440 3,640 3,640 3,640 1,780 1,780
現行 5,720 5,720 5,720 5,720 5,360 5,360 5,360 5,360 3,520 3,520 3,520 1,640 1,640
岐阜羽島
岐阜羽島
改定 5,820 5,820 5,820 5,820 5,460 5,460 5,460 5,460 3,640 3,640 3,640 1,780 1,780
現行 6,930 6,930 6,930 5,720 5,720 5,720 5,360 5,360 5,360 3,520 3,520 3,520 1,640 1,640
米原
米原
改定 7,220 7,220 7,220 5,820 5,820 5,820 5,460 5,460 5,460 3,640 3,640 3,640 1,780 1,780
現行 7,310 7,310 7,140 7,140 7,140 5,720 5,720 5,720 5,360 5,360 5,360 3,520 3,390 3,390 1,640
京都
京都
改定 7,370 7,370 7,220 7,220 7,220 5,820 5,800 5,800 5,460 5,440 5,440 3,640 3,640 3,640 1,780
現行 7,310 7,310 7,310 7,140 7,140 7,140 7,140 5,720 5,720 5,360 5,360 5,360 3,390 3,390 3,390 1,640
新大阪
改定 7,370 7,370 7,370 7,220 7,220 7,220 7,220 5,800 5,800 5,440 5,440 5,440 3,640 3,640 3,640 1,780
現行 7,310 7,310 7,310 7,310 7,140 7,140 7,140 6,960 5,720 5,660 5,360 5,360 5,160 3,520 3,520 1,640 1,640
新神戸
新神戸
改定 7,420 7,420 7,420 7,420 7,250 7,250 7,250 7,220 5,820 5,800 5,460 5,460 5,440 3,640 3,640 1,780 1,780
現行 8,620 8,620 7,310 7,310 7,310 7,140 7,140 6,960 5,720 5,660 5,660 5,360 5,160 5,160 3,520 1,640 1,640 1,640
西明石
西明石
改定 8,770 8,770 7,420 7,420 7,420 7,250 7,250 7,220 5,820 5,800 5,800 5,460 5,440 5,440 3,640 1,780 1,780 1,780
現行 8,660 8,660 8,660 7,310 7,310 7,310 7,140 6,960 6,960 5,660 5,660 5,660 5,220 5,220 3,520 3,520 1,640 1,640 1,640
姫路
姫路
改定 8,770 8,770 8,770 7,420 7,420 7,420 7,250 7,220 7,220 5,800 5,800 5,800 5,440 5,440 3,640 3,640 1,780 1,780 1,780
現行 8,660 8,660 8,660 7,310 7,310 7,310 7,310 6,960 6,960 6,860 5,660 5,660 5,360 5,360 5,360 3,520 3,520 1,640 1,640 1,640
相生
相生
改定 8,770 8,770 8,770 7,420 7,420 7,420 7,420 7,220 7,220 7,220 5,800 5,800 5,460 5,460 5,460 3,640 3,640 1,780 1,780 1,780
現行 8,880 8,880 8,880 8,740 8,740 8,740 7,310 6,960 6,960 6,860 6,860 5,660 5,660 5,660 5,360 5,360 3,520 3,520 3,520 1,640 1,640
岡山
岡山
改定 9,020 9,020 9,020 8,840 8,840 8,840 7,420 7,370 7,370 7,220 7,220 5,800 5,800 5,800 5,460 5,440 3,640 3,640 3,640 1,780 1,780
現行 8,880 8,880 8,880 8,740 8,740 8,740 7,530 7,310 7,310 7,120 7,120 5,920 5,720 5,720 5,720 5,360 3,960 3,520 3,520 3,520 1,640 1,410
新倉敷
新倉敷
改定 9,020 9,020 9,020 8,840 8,840 8,840 8,840 7,420 7,420 7,370 7,230 7,230 5,820 5,820 5,820 5,440 5,440 3,640 3,640 3,640 1,780 1,780
現行 8,880 8,880 8,880 8,880 8,740 8,740 8,740 8,560 7,310 7,120 7,120 7,120 7,120 5,720 5,720 5,360 5,360 5,360 3,520 3,520 3,520 1,640 1,410
福山
新尾道
福山
改定 9,020 9,020 9,020 9,020 8,840 8,840 8,840 8,770 7,420 7,370 7,230 7,230 7,230 5,820 5,820 5,460 5,460 5,460 3,640 3,640 3,640 1,780 1,780
現行 9,120 9,120 9,010 9,010 9,010 8,740 8,740 8,560 7,310 7,120 7,120 7,120 7,120 5,920 5,720 5,360 5,360 5,360 3,520 3,520 3,520 1,640 1,410 1,410
新尾道
改定 10,480 10,480 9,110 9,110 9,110 8,840 8,840 8,770 7,420 7,370 7,370 7,230 7,230 7,230 5,820 5,460 5,460 5,460 3,640 3,640 3,640 1,780 1,780 1,780
現行 9,120 9,120 9,010 9,010 9,010 9,010 8,740 8,560 7,310 7,120 7,120 7,120 7,120 5,920 5,720 5,550 5,360 5,360 3,960 3,520 3,520 1,640 1,410 1,410 1,410
三原
東広島
改定 10,480 10,480 9,110 9,110 9,110 9,110 8,840 8,770 7,420 7,370 7,370 7,230 7,230 7,230 5,820 5,800 5,460 5,460 5,460 3,640 3,640 1,780 1,780 1,780 1,780
現行 9,120 9,120 9,120 9,010 9,010 9,010 9,010 8,560 7,350 7,120 7,120 7,120 7,120 5,920 5,920 5,740 5,720 5,360 3,960 3,960 3,520 2,020 1,790 1,410 1,410 1,410
東広島
改定 10,480 10,480 10,480 9,110 9,110 9,110 9,110 8,770 8,770 8,770 7,370 7,370 7,230 7,230 7,230 5,820 5,820 5,460 5,460 5,460 3,640 3,640 3,640 1,780 1,780 1,780
現行 9,650 9,650 9,650 9,650 9,010 9,010 9,010 8,560 8,560 8,330 8,330 7,120 7,120 7,120 7,120 5,740 5,720 5,720 5,360 5,360 5,360 3,520 3,520 3,520 1,410 1,410 1,410
広島
広島
改定 10,480 10,480 10,480 10,480 9,110 9,110 9,110 9,020 8,770 8,770 8,770 7,370 7,370 7,230 7,230 5,820 5,820 5,820 5,460 5,460 5,460 3,640 3,640 3,640 1,780 1,780 1,780
現行 9,940 9,940 9,930 9,830 9,300 9,300 9,010 9,010 9,010 8,740 8,740 7,310 7,190 7,190 7,140 5,940 5,720 5,720 5,720 5,360 5,360 3,960 3,520 3,520 1,790 1,790 1,410 1,410
新岩国
徳山
新岩国
改定 10,740 10,740 10,740 10,590 10,590 10,590 9,110 9,110 9,110 8,840 8,840 7,420 7,370 7,370 7,250 7,230 5,820 5,820 5,820 5,460 5,460 5,460 3,640 3,640 3,640 3,640 1,780 1,780
現行 9,940 9,940 9,930 9,830 9,830 9,830 9,830 9,830 9,010 9,010 8,740 8,740 7,730 7,190 7,190 7,010 6,980 5,720 5,720 5,720 5,720 5,360 3,960 3,520 2,020 2,020 2,020 1,640 1,410
徳山
改定 10,740 10,740 10,740 10,590 10,590 10,590 10,590 10,590 9,110 9,110 8,840 8,840 8,770 7,370 7,370 7,250 7,220 5,820 5,820 5,820 5,820 5,460 5,460 3,640 3,640 3,640 3,640 1,780 1,780
現行 10,210 10,210 9,930 9,930 9,930 9,930 9,830 9,830 9,010 9,010 9,010 8,740 7,730 7,730 7,190 7,030 6,980 6,800 6,800 5,720 5,720 5,360 5,360 5,360 3,960 3,960 3,520 3,520 1,640 1,640
新山口
新山口
改定 11,010 11,010 10,740 10,740 10,740 10,740 10,590 10,590 9,110 9,110 9,110 8,840 8,770 8,770 7,370 7,370 7,250 7,250 7,250 5,820 5,820 5,460 5,460 5,460 5,460 5,460 3,640 3,640 1,780 1,780
現行 10,380 10,380 10,180 10,100 10,100 10,100 10,100 9,830 9,300 9,300 9,010 9,010 7,970 7,970 7,430 7,180 7,150 6,800 6,800 5,940 5,720 5,720 5,720 5,360 3,960 3,960 3,520 3,520 2,020 1,640 1,410
厚狭
改定 11,140 11,140 11,010 10,860 10,860 10,860 10,860 10,590 10,590 10,590 9,110 9,110 8,770 8,770 8,770 7,420 7,370 7,250 7,250 7,250 5,820 5,820 5,820 5,460 5,460 5,460 3,640 3,640 3,640 1,780 1,780
現行 10,380 10,380 10,180 10,180 10,100 10,100 10,100 10,100 9,300 9,300 9,010 9,010 7,970 7,970 7,430 7,180 7,150 6,800 6,800 5,940 5,940 5,720 5,720 5,360 3,960 3,960 3,960 3,520 2,020 2,020 1,410 1,410
新下関
改定 11,140 11,140 11,010 11,010 10,860 10,860 10,860 10,860 10,590 10,590 9,110 9,110 9,020 8,770 8,770 7,420 7,370 7,250 7,250 7,250 7,250 5,820 5,820 5,460 5,460 5,460 5,460 3,640 3,640 3,640 1,780 1,780
現行 10,420 10,420 10,180 10,180 10,180 10,100 10,100 10,100 9,830 9,830 9,830 9,010 7,970 7,970 7,970 7,180 7,150 6,970 6,800 6,800 6,800 5,720 5,720 5,720 5,360 5,360 5,360 5,360 3,520 3,520 1,640 1,410 1,410
小倉
小倉
改定 11,270 11,270 11,010 11,010 11,010 10,860 10,860 10,860 10,590 10,590 10,590 9,110 9,020 9,020 8,770 7,450 7,420 7,420 7,250 7,250 7,250 5,820 5,820 5,820 5,460 5,460 5,460 5,440 3,640 3,640 1,780 1,780 1,780
現行 10,420 10,420 10,420 10,380 10,380 10,380 10,380 10,100 10,100 10,100 9,830 9,830 9,410 8,880 8,880 8,070 7,850 6,970 6,970 6,970 6,970 6,800 5,940 5,720 5,720 5,720 5,720 5,360 3,960 3,520 3,520 2,020 1,640 1,640
博多
改定 11,270 11,270 11,270 11,140 11,140 11,140 11,140 10,860 10,860 10,860 10,590 10,590 10,480 9,020 9,020 8,840 8,620 7,420 7,420 7,420 7,420 7,250 7,250 5,820 5,820 5,820 5,820 5,460 5,460 3,640 3,640 3,640 1,780 1,780
現行 12,050 12,050 12,050 12,010 12,010 12,010 12,010 11,730 11,730 11,730 11,460 11,460 11,040 10,510 10,510 9,700 9,440 8,570 8,570 8,570 8,570 8,400 7,500 7,310 7,310 7,310 7,310 6,950 5,500 5,100 5,100 3,510 3,210 2,820 1,630
新鳥栖 新鳥栖
改定 13,000 13,000 13,000 12,870 12,870 12,870 12,870 12,590 12,590 12,590 12,320 12,320 12,210 10,750 10,750 10,570 10,350 9,150 9,150 9,150 9,150 8,980 8,980 7,550 7,550 7,550 7,550 7,190 7,190 5,370 5,370 5,370 3,480 3,090 1,630
現行 12,050 12,050 12,050 12,010 12,010 12,010 12,010 11,730 11,730 11,730 11,460 11,460 11,040 10,510 10,510 9,700 9,440 8,570 8,570 8,570 8,570 8,400 7,500 7,310 7,310 7,310 7,310 6,950 5,500 5,100 5,100 3,510 3,210 2,820 1,630 1,630
久留米 久留米
改定 13,000 13,000 13,000 12,870 12,870 12,870 12,870 12,590 12,590 12,590 12,320 12,320 12,210 10,750 10,750 10,570 10,350 9,150 9,150 9,150 9,150 8,980 8,980 7,550 7,550 7,550 7,550 7,190 7,190 5,370 5,370 5,370 3,480 3,090 1,630 1,630
現行 12,250 12,250 12,250 12,210 12,210 12,210 12,210 11,930 11,930 11,930 11,660 11,660 11,240 10,710 10,710 9,900 9,630 8,760 8,760 8,760 8,760 8,590 7,690 7,510 7,510 7,510 7,510 7,150 5,700 5,300 5,300 3,710 3,410 3,020 1,630 1,630 1,630
筑後船小屋
筑後船小屋
改定 13,200 13,200 13,200 13,070 13,070 13,070 13,070 12,790 12,790 12,790 12,520 12,520 12,410 10,950 10,950 10,770 10,550 9,350 9,350 9,350 9,350 9,180 9,180 7,750 7,750 7,750 7,750 7,380 7,380 5,560 5,560 5,560 3,680 3,290 1,630 1,630 1,630
現行 12,500 12,500 12,500 12,460 12,460 12,460 12,460 12,180 12,180 12,180 11,910 11,910 11,490 10,960 10,960 10,150 9,880 9,010 9,010 9,010 9,010 8,840 7,940 7,760 7,760 7,760 7,760 7,400 5,950 5,550 5,550 3,960 3,660 3,270 1,880 1,630 1,630 1,630
新大牟田 新大牟田
改定 13,450 13,450 13,450 13,320 13,320 13,320 13,320 13,040 13,040 13,040 12,770 12,770 12,660 11,200 11,200 11,020 10,800 9,600 9,600 9,600 9,600 9,430 9,430 8,000 8,000 8,000 8,000 7,640 7,630 5,810 5,810 5,810 3,930 3,540 1,880 1,630 1,630 1,630
現行 12,500 12,500 12,500 12,460 12,460 12,460 12,460 12,180 12,180 12,180 11,910 11,910 11,490 10,960 10,960 10,150 9,880 9,010 9,010 9,010 9,010 8,840 7,940 7,760 7,760 7,760 7,760 7,400 5,950 5,550 5,550 3,960 3,660 3,270 1,880 1,880 1,880 1,630 1,630
新玉名
新玉名
改定 13,450 13,450 13,450 13,320 13,320 13,320 13,320 13,040 13,040 13,040 12,770 12,770 12,660 11,200 11,200 11,020 10,800 9,600 9,600 9,600 9,600 9,430 9,430 8,000 8,000 8,000 8,000 7,630 7,630 5,810 5,810 5,810 3,930 3,540 1,880 1,880 1,880 1,630 1,630
現行 14,380 14,380 14,380 14,340 14,340 14,340 14,340 14,060 14,060 14,060 13,790 13,790 13,370 12,840 12,840 12,030 11,700 10,840 10,840 10,840 10,840 10,670 9,720 9,590 9,590 9,590 9,590 9,230 7,700 7,380 7,380 5,680 5,470 5,080 3,760 1,880 1,880 1,880 1,630 1,630
熊本 熊本
改定 15,330 15,330 15,330 15,200 15,200 15,200 15,200 14,920 14,920 14,920 14,650 14,650 14,540 13,080 13,080 12,900 12,690 11,490 11,490 11,480 11,480 11,310 11,310 9,880 9,880 9,880 9,880 9,520 9,520 7,690 7,690 7,690 5,810 5,420 3,760 1,880 1,880 1,880 1,630 1,630
現行 14,380 14,380 14,380 14,340 14,340 14,340 14,340 14,060 14,060 14,060 13,790 13,790 13,370 12,840 12,840 12,030 11,700 10,840 10,840 10,840 10,840 10,670 9,720 9,590 9,590 9,590 9,590 9,230 7,700 7,380 7,380 5,680 5,470 5,080 3,760 3,760 3,760 1,880 1,880 1,880 1,630
新八代
新八代
改定 15,330 15,330 15,330 15,200 15,200 15,200 15,200 14,920 14,920 14,920 14,650 14,650 14,540 13,080 13,080 12,900 12,680 11,480 11,480 11,480 11,480 11,310 11,310 9,880 9,880 9,880 9,880 9,520 9,520 7,690 7,690 7,690 5,810 5,420 3,760 3,760 3,760 1,880 1,880 1,880 1,630
現行 14,740 14,740 14,740 14,700 14,700 14,700 14,700 14,420 14,420 14,420 14,150 14,150 13,730 13,200 13,200 12,390 12,050 11,190 11,190 11,190 11,190 11,020 10,070 9,950 9,950 9,950 9,950 9,590 8,060 7,740 7,740 6,040 5,830 5,440 4,120 4,120 4,120 3,760 3,760 3,760 1,880 1,630
新水俣 新水俣
改定 15,690 15,690 15,690 15,560 15,560 15,560 15,560 15,280 15,280 15,280 15,010 15,010 14,900 13,440 13,440 13,260 13,040 11,840 11,840 11,840 11,840 11,670 11,670 10,230 10,230 10,230 10,230 9,880 9,880 8,050 8,050 8,050 6,160 5,780 4,120 4,120 4,120 3,760 3,760 3,760 1,880 1,630
現行 16,440 16,440 16,440 16,400 16,400 16,400 16,400 16,120 16,120 16,120 15,850 15,850 15,430 14,900 14,900 14,090 13,720 12,880 12,880 12,880 12,880 12,710 11,730 11,630 11,630 11,630 11,630 11,270 9,690 9,410 9,410 7,660 7,500 7,110 5,820 4,120 4,120 4,120 3,760 3,760 1,880 1,880 1,630
出水
改定 17,390 17,390 17,390 17,260 17,260 17,260 17,260 16,980 16,980 16,980 16,710 16,710 16,600 15,140 15,140 14,960 14,750 13,550 13,550 13,540 13,540 13,370 13,370 11,940 11,940 11,940 11,940 11,580 11,580 9,750 9,750 9,750 7,870 7,480 5,820 4,120 4,120 4,120 3,760 3,760 1,880 1,880 1,630
現行 16,440 16,440 16,440 16,400 16,400 16,400 16,400 16,120 16,120 16,120 15,850 15,850 15,430 14,900 14,900 14,090 13,720 12,880 12,880 12,880 12,880 12,710 11,730 11,630 11,630 11,630 11,630 11,270 9,690 9,410 9,410 7,660 7,500 7,110 5,820 5,820 5,820 4,120 4,120 4,120 3,760 1,880 1,630 1,630
川内 川内
改定 17,390 17,390 17,390 17,260 17,260 17,260 17,260 16,980 16,980 16,980 16,710 16,710 16,600 15,140 15,140 14,960 14,740 13,540 13,540 13,540 13,540 13,370 13,370 11,940 11,940 11,940 11,940 11,580 11,580 9,750 9,750 9,750 7,870 7,480 5,820 5,820 5,820 4,120 4,120 4,120 3,760 1,880 1,630 1,630
現行 16,760 16,760 16,760 16,720 16,720 16,720 16,720 16,440 16,440 16,440 16,170 16,170 15,750 15,220 15,220 14,410 14,030 13,190 13,190 13,190 13,190 13,020 12,040 11,950 11,950 11,950 11,950 11,590 10,010 9,730 9,730 7,980 7,820 7,430 6,140 6,140 6,140 5,820 5,820 4,120 4,120 3,760 1,880 1,880 1,630
鹿児島中央
鹿児島中央
改定 17,710 17,710 17,710 17,580 17,580 17,580 17,580 17,300 17,300 17,300 17,030 17,030 16,920 15,460 15,460 15,280 15,060 13,860 13,860 13,860 13,860 13,690 13,690 12,260 12,260 12,260 12,260 11,890 11,890 10,070 10,070 10,070 8,190 7,800 6,140 6,140 6,140 5,820 5,820 4,120 4,120 3,760 1,880 1,880 1,630
※改定額は通常期にご利用の場合の発売額です。閑散期にご利用の場合は100円引き、繁忙期にご利用の場合は100円を加算、最繁忙期にご利用の場合は200円を加算します（東海道・山陽新幹線区間のみ）。
※全区間グリーン車を利用した場合の発売額です。新幹線を乗り継ぐ予約で、一部区間のみグリーン車をご利用の場合は、記載の発売額と異なる場合があります。
※ご乗車には、別途「e特急券」の区間を含む乗車券が必要です。
※上記の改定額は予定です。今後変更となる可能性がございます。
三原
厚狭
新下関
博多
出水
=== page 29
品川
1-6 e特急券 発売額（単位:円）
■自由席用:おとな1名片道
東京
現行 870
品川
改定 870
現行 870 870
新横浜
改定 870 870
現行 1,760 1,760 990
小田原
改定 1,760 1,760 990
現行 1,760 1,760 1,760 870
熱海
現行 1,760 1,760 1,760 1,760 870
改定 1,760 1,760 1,760 870
三島
名古屋
新大阪
新横浜
小田原
熱海
三島
改定 1,760 1,760 1,760 1,760 870
現行 2,530 2,530 2,530 1,760 1,760 870
新富士
新富士
改定 2,530 2,530 2,530 1,760 1,760 870
現行 2,530 2,530 2,530 1,760 1,760 990 870
静岡
静岡
改定 2,530 2,530 2,530 1,760 1,760 990 870
現行 3,400 3,400 3,400 2,530 2,530 2,530 1,760 870
掛川
掛川
改定 3,360 3,360 3,360 2,530 2,530 2,530 1,760 870
現行 3,400 3,400 3,400 2,530 2,530 2,530 2,530 990 870
浜松
浜松
改定 3,360 3,360 3,360 2,530 2,530 2,530 2,530 990 870
現行 3,400 3,400 3,400 3,400 2,530 2,530 2,530 2,530 1,760 870
豊橋
豊橋
改定 3,400 3,400 3,400 3,400 2,530 2,530 2,530 2,530 1,760 870
現行 4,130 4,130 4,130 3,400 3,400 3,400 2,530 2,530 2,530 1,760 870
三河安城
三河安城
改定 4,090 4,090 4,090 3,400 3,400 3,400 2,530 2,530 2,530 1,760 870
現行 4,130 4,130 4,130 3,400 3,400 3,400 3,400 2,530 2,530 2,530 990 870
名古屋
改定 4,090 4,090 4,090 3,400 3,400 3,400 3,360 2,530 2,530 2,530 990 870
現行 4,130 4,130 4,130 4,130 3,400 3,400 3,400 3,400 2,530 2,530 2,530 1,760 870
岐阜羽島
岐阜羽島
改定 4,130 4,130 4,130 4,130 3,400 3,400 3,400 3,400 2,530 2,530 2,530 1,760 870
現行 4,150 4,150 4,150 4,130 4,130 4,130 3,400 3,400 3,400 2,530 2,530 2,530 1,760 870
米原
米原
改定 4,150 4,150 4,150 4,130 4,130 4,130 3,400 3,400 3,400 2,530 2,530 2,530 1,760 870
現行 4,910 4,910 4,570 4,570 4,570 4,130 4,130 4,130 3,400 3,400 3,400 2,530 2,270 2,270 990
京都
京都
改定 4,800 4,800 4,500 4,500 4,500 4,130 4,090 4,090 3,400 3,360 3,360 2,530 2,270 2,270 990
現行 4,910 4,910 4,910 4,570 4,570 4,570 4,570 4,130 4,130 3,400 3,400 3,400 2,270 2,270 2,270 870
新大阪
改定 4,800 4,800 4,800 4,500 4,500 4,500 4,500 4,090 4,090 3,360 3,360 3,360 2,270 2,270 2,270 870
現行 4,910 4,910 4,910 4,910 4,570 4,570 4,570 4,210 4,130 4,000 3,400 3,400 3,000 2,530 2,530 1,760 870
新神戸
新神戸
改定 4,910 4,910 4,910 4,910 4,570 4,570 4,570 4,210 4,130 4,000 3,400 3,400 3,000 2,530 2,530 1,760 870
現行 5,100 5,100 4,910 4,910 4,910 4,570 4,570 4,210 4,130 4,000 4,000 3,400 3,000 3,000 2,530 1,760 1,760 870
西明石
西明石
改定 5,100 5,100 4,910 4,910 4,910 4,570 4,570 4,210 4,130 4,000 4,000 3,400 3,000 3,000 2,530 1,760 1,760 870
現行 5,180 5,180 5,180 4,910 4,910 4,910 4,570 4,210 4,210 4,000 4,000 4,000 3,130 3,130 2,530 2,530 1,760 1,760 870
姫路
姫路
改定 5,180 5,180 5,180 4,910 4,910 4,910 4,570 4,210 4,210 4,000 4,000 4,000 3,130 3,130 2,530 2,530 1,760 1,760 870
現行 5,180 5,180 5,180 4,910 4,910 4,910 4,910 4,210 4,210 4,000 4,000 4,000 3,400 3,400 3,400 2,530 2,530 1,760 1,760 870
相生
相生
改定 5,180 5,180 5,180 4,910 4,910 4,910 4,910 4,210 4,210 4,000 4,000 4,000 3,400 3,400 3,400 2,530 2,530 1,760 1,760 870
現行 5,630 5,630 5,630 5,350 5,350 5,350 4,910 4,210 4,210 4,000 4,000 4,000 4,000 4,000 3,400 3,400 2,530 2,530 2,530 1,760 990
岡山
岡山
改定 5,630 5,630 5,630 5,350 5,350 5,350 4,910 4,210 4,210 4,000 4,000 4,000 4,000 4,000 3,400 3,360 2,530 2,530 2,530 1,760 990
現行 5,630 5,630 5,630 5,350 5,350 5,350 5,350 4,910 4,910 4,530 4,530 4,530 4,130 4,130 4,130 3,400 3,400 2,530 2,530 2,530 1,760 870
新倉敷
新倉敷
改定 5,630 5,630 5,630 5,350 5,350 5,350 5,350 4,910 4,910 4,530 4,530 4,530 4,130 4,130 4,130 3,360 3,360 2,530 2,530 2,530 1,760 870
現行 5,630 5,630 5,630 5,630 5,350 5,350 5,350 4,990 4,910 4,530 4,530 4,530 4,530 4,130 4,130 3,400 3,400 3,400 2,530 2,530 2,530 1,760 870
福山
福山
改定 5,630 5,630 5,630 5,630 5,350 5,350 5,350 4,990 4,910 4,530 4,530 4,530 4,530 4,130 4,130 3,400 3,400 3,400 2,530 2,530 2,530 1,760 870
現行 6,110 6,110 5,890 5,890 5,890 5,350 5,350 4,990 4,910 4,530 4,530 4,530 4,530 4,530 4,130 3,400 3,400 3,400 2,530 2,530 2,530 1,760 1,760 870
新尾道
新尾道
改定 6,110 6,110 5,890 5,890 5,890 5,350 5,350 4,990 4,910 4,530 4,530 4,530 4,530 4,530 4,130 3,400 3,400 3,400 2,530 2,530 2,530 1,760 1,760 870
現行 6,110 6,110 5,890 5,890 5,890 5,890 5,350 4,990 4,910 4,530 4,530 4,530 4,530 4,530 4,130 3,780 3,400 3,400 3,400 2,530 2,530 1,760 1,760 870 870
三原
三原
改定 6,110 6,110 5,890 5,890 5,890 5,890 5,350 4,990 4,910 4,530 4,530 4,530 4,530 4,530 4,130 3,730 3,400 3,400 3,400 2,530 2,530 1,760 1,760 870 870
現行 6,110 6,110 6,110 5,890 5,890 5,890 5,890 4,990 4,990 4,530 4,530 4,530 4,530 4,530 4,530 4,170 4,120 3,400 3,400 3,400 2,530 2,530 2,530 1,760 1,760 870
東広島
東広島
改定 6,110 6,110 6,110 5,890 5,890 5,890 5,890 4,990 4,990 4,530 4,530 4,530 4,530 4,530 4,530 4,120 4,020 3,400 3,400 3,400 2,530 2,530 2,530 1,760 1,760 870
現行 6,110 6,110 6,110 6,110 5,890 5,890 5,890 4,990 4,990 4,530 4,530 4,530 4,530 4,530 4,530 4,170 4,120 4,120 3,400 3,400 3,400 2,530 2,530 2,530 1,760 990 870
広島
広島
改定 6,110 6,110 6,110 6,110 5,890 5,890 5,890 4,990 4,990 4,530 4,530 4,530 4,530 4,530 4,530 4,120 4,070 4,070 3,400 3,400 3,350 2,530 2,530 2,530 1,760 990 870
現行 6,690 6,690 6,660 6,460 6,460 6,460 5,890 5,890 5,890 5,350 5,350 4,910 4,660 4,660 4,570 4,570 4,120 4,120 4,120 3,400 3,400 3,400 2,530 2,530 2,530 2,530 1,760 870
新岩国
新岩国
改定 6,690 6,690 6,660 6,460 6,460 6,460 5,890 5,890 5,890 5,350 5,350 4,910 4,660 4,660 4,570 4,520 4,120 4,120 4,120 3,400 3,400 3,400 2,530 2,530 2,530 2,530 1,760 870
現行 6,690 6,690 6,660 6,460 6,460 6,460 6,460 6,460 5,890 5,890 5,350 5,350 4,660 4,660 4,660 4,620 4,570 4,120 4,120 4,120 4,120 3,400 3,400 2,530 2,530 2,530 2,530 1,760 870
徳山
徳山
改定 6,690 6,690 6,660 6,460 6,460 6,460 6,460 6,460 5,890 5,890 5,350 5,350 4,660 4,660 4,660 4,570 4,500 4,120 4,120 4,120 4,120 3,400 3,400 2,530 2,530 2,530 2,530 1,760 870
現行 7,220 7,220 6,660 6,660 6,660 6,660 6,460 6,460 5,890 5,890 5,890 5,350 4,660 4,660 4,660 4,660 4,570 4,570 4,570 4,120 4,120 3,400 3,400 3,400 3,400 3,400 2,530 2,530 1,760 870
新山口
新山口
改定 7,220 7,220 6,660 6,660 6,660 6,660 6,460 6,460 5,890 5,890 5,890 5,350 4,660 4,660 4,660 4,610 4,570 4,570 4,570 4,120 4,120 3,400 3,400 3,400 3,400 3,400 2,530 2,530 1,760 870
現行 7,560 7,560 7,160 7,000 7,000 7,000 7,000 6,460 6,460 6,460 5,890 5,890 5,140 5,140 5,140 4,960 4,910 4,570 4,570 4,570 4,120 4,120 4,120 3,400 3,400 3,400 2,530 2,530 2,530 1,760 870
厚狭
厚狭
改定 7,560 7,560 7,160 7,000 7,000 7,000 7,000 6,460 6,460 6,460 5,890 5,890 5,140 5,140 5,140 4,910 4,810 4,570 4,570 4,570 4,120 4,120 4,120 3,400 3,400 3,400 2,530 2,530 2,530 1,760 870
現行 7,560 7,560 7,160 7,160 7,000 7,000 7,000 7,000 6,460 6,460 5,890 5,890 5,140 5,140 5,140 4,960 4,910 4,570 4,570 4,570 4,570 4,120 4,120 3,400 3,400 3,400 3,400 2,530 2,530 2,530 990 870
新下関
改定 7,560 7,560 7,160 7,160 7,000 7,000 7,000 7,000 6,460 6,460 5,890 5,890 5,140 5,140 5,140 4,910 4,810 4,570 4,570 4,570 4,570 4,120 4,120 3,400 3,400 3,400 3,400 2,530 2,530 2,530 990 870
現行 7,640 7,640 7,160 7,160 7,160 7,000 7,000 7,000 6,460 6,460 6,460 5,890 5,140 5,140 5,140 4,960 4,910 4,910 4,570 4,570 4,570 4,120 4,120 4,120 3,400 3,400 3,400 3,400 2,530 2,530 1,760 1,760 870
小倉
小倉
改定 7,640 7,640 7,160 7,160 7,160 7,000 7,000 7,000 6,460 6,460 6,460 5,890 5,140 5,140 5,140 4,960 4,910 4,910 4,570 4,570 4,570 4,120 4,120 4,120 3,400 3,400 3,400 3,360 2,530 2,530 1,760 1,760 870
現行 7,640 7,640 7,640 7,560 7,560 7,560 7,560 7,000 7,000 7,000 6,460 6,460 5,630 5,630 5,630 5,350 4,910 4,910 4,910 4,910 4,910 4,570 4,570 4,120 4,120 4,120 4,120 3,400 3,400 2,530 2,530 2,530 1,760 990
博多
改定 7,640 7,640 7,640 7,560 7,560 7,560 7,560 7,000 7,000 7,000 6,460 6,460 5,630 5,630 5,630 5,350 4,910 4,910 4,910 4,910 4,910 4,570 4,570 4,120 4,120 4,120 4,120 3,400 3,400 2,530 2,530 2,530 1,760 990
現行 8,510 8,510 8,510 8,430 8,430 8,430 8,430 7,870 7,870 7,870 7,330 7,330 6,500 6,500 6,500 6,220 5,780 5,780 5,780 5,780 5,780 5,440 5,440 4,990 4,990 4,990 4,990 4,270 4,270 3,400 3,400 3,400 2,630 1,860 870
新鳥栖 新鳥栖
改定 8,510 8,510 8,510 8,430 8,430 8,430 8,430 7,870 7,870 7,870 7,330 7,330 6,500 6,500 6,500 6,220 5,780 5,780 5,780 5,780 5,780 5,440 5,440 4,990 4,990 4,990 4,990 4,270 4,270 3,400 3,400 3,400 2,630 1,860 870
現行 8,510 8,510 8,510 8,430 8,430 8,430 8,430 7,870 7,870 7,870 7,330 7,330 6,500 6,500 6,500 6,220 5,780 5,780 5,780 5,780 5,780 5,440 5,440 4,990 4,990 4,990 4,990 4,270 4,270 3,400 3,400 3,400 2,630 1,860 870 870
久留米 久留米
改定 8,510 8,510 8,510 8,430 8,430 8,430 8,430 7,870 7,870 7,870 7,330 7,330 6,500 6,500 6,500 6,220 5,780 5,780 5,780 5,780 5,780 5,440 5,440 4,990 4,990 4,990 4,990 4,270 4,270 3,400 3,400 3,400 2,630 1,860 870 870
現行 8,900 8,900 8,900 8,820 8,820 8,820 8,820 8,260 8,260 8,260 7,720 7,720 6,890 6,890 6,890 6,610 6,170 6,170 6,170 6,170 6,170 5,830 5,830 5,380 5,380 5,380 5,380 4,660 4,660 3,790 3,790 3,790 3,020 2,250 1,260 1,260 870
筑後船小屋
筑後船小屋
改定 8,900 8,900 8,900 8,820 8,820 8,820 8,820 8,260 8,260 8,260 7,720 7,720 6,890 6,890 6,890 6,610 6,170 6,170 6,170 6,170 6,170 5,830 5,830 5,380 5,380 5,380 5,380 4,660 4,660 3,790 3,790 3,790 3,020 2,250 1,260 1,260 870
現行 9,400 9,400 9,400 9,320 9,320 9,320 9,320 8,760 8,760 8,760 8,220 8,220 7,390 7,390 7,390 7,110 6,670 6,670 6,670 6,670 6,670 6,330 6,330 5,880 5,880 5,880 5,880 5,160 5,160 4,290 4,290 4,290 3,520 2,750 1,760 1,260 1,260 870
新大牟田 新大牟田
改定 9,400 9,400 9,400 9,320 9,320 9,320 9,320 8,760 8,760 8,760 8,220 8,220 7,390 7,390 7,390 7,110 6,670 6,670 6,670 6,670 6,670 6,330 6,330 5,880 5,880 5,880 5,880 5,160 5,160 4,290 4,290 4,290 3,520 2,750 1,760 1,260 1,260 870
現行 9,400 9,400 9,400 9,320 9,320 9,320 9,320 8,760 8,760 8,760 8,220 8,220 7,390 7,390 7,390 7,110 6,670 6,670 6,670 6,670 6,670 6,330 6,330 5,880 5,880 5,880 5,880 5,160 5,160 4,290 4,290 4,290 3,520 2,750 1,760 1,760 1,760 1,260 870
新玉名
新玉名
改定 9,400 9,400 9,400 9,320 9,320 9,320 9,320 8,760 8,760 8,760 8,220 8,220 7,390 7,390 7,390 7,110 6,670 6,670 6,670 6,670 6,670 6,330 6,330 5,880 5,880 5,880 5,880 5,160 5,160 4,290 4,290 4,290 3,520 2,750 1,760 1,760 1,760 1,260 870
現行 10,170 10,170 10,170 10,090 10,090 10,090 10,090 9,530 9,530 9,530 8,990 8,990 8,160 8,160 8,160 7,880 7,440 7,440 7,440 7,440 7,440 7,100 7,100 6,650 6,650 6,650 6,650 5,930 5,930 5,060 5,060 5,060 4,290 3,520 2,530 1,760 1,760 1,760 1,260 870
熊本 熊本
改定 10,170 10,170 10,170 10,090 10,090 10,090 10,090 9,530 9,530 9,530 8,990 8,990 8,160 8,160 8,160 7,880 7,440 7,440 7,440 7,440 7,440 7,100 7,100 6,650 6,650 6,650 6,650 5,930 5,930 5,060 5,060 5,060 4,290 3,520 2,530 1,760 1,760 1,760 1,260 870
現行 10,170 10,170 10,170 10,090 10,090 10,090 10,090 9,530 9,530 9,530 8,990 8,990 8,160 8,160 8,160 7,880 7,440 7,440 7,440 7,440 7,440 7,100 7,100 6,650 6,650 6,650 6,650 5,930 5,930 5,060 5,060 5,060 4,290 3,520 2,530 2,530 2,530 1,760 1,760 1,760 870
新八代
新八代
改定 10,170 10,170 10,170 10,090 10,090 10,090 10,090 9,530 9,530 9,530 8,990 8,990 8,160 8,160 8,160 7,880 7,440 7,440 7,440 7,440 7,440 7,100 7,100 6,650 6,650 6,650 6,650 5,930 5,930 5,060 5,060 5,060 4,290 3,520 2,530 2,530 2,530 1,760 1,760 1,760 870
現行 10,880 10,880 10,880 10,800 10,800 10,800 10,800 10,240 10,240 10,240 9,700 9,700 8,870 8,870 8,870 8,590 8,150 8,150 8,150 8,150 8,150 7,810 7,810 7,360 7,360 7,360 7,360 6,640 6,640 5,770 5,770 5,770 5,000 4,230 3,240 3,240 3,240 2,530 2,530 2,530 1,760 1,260
新水俣 新水俣
改定 10,880 10,880 10,880 10,800 10,800 10,800 10,800 10,240 10,240 10,240 9,700 9,700 8,870 8,870 8,870 8,590 8,150 8,150 8,150 8,150 8,150 7,810 7,810 7,360 7,360 7,360 7,360 6,640 6,640 5,770 5,770 5,770 5,000 4,230 3,240 3,240 3,240 2,530 2,530 2,530 1,760 1,260
現行 11,510 11,510 11,510 11,430 11,430 11,430 11,430 10,870 10,870 10,870 10,330 10,330 9,500 9,500 9,500 9,220 8,780 8,780 8,780 8,780 8,780 8,440 8,440 7,990 7,990 7,990 7,990 7,270 7,270 6,400 6,400 6,400 5,630 4,860 3,870 3,240 3,240 3,240 2,530 2,530 1,760 1,760 1,260
出水
改定 11,510 11,510 11,510 11,430 11,430 11,430 11,430 10,870 10,870 10,870 10,330 10,330 9,500 9,500 9,500 9,220 8,780 8,780 8,780 8,780 8,780 8,440 8,440 7,990 7,990 7,990 7,990 7,270 7,270 6,400 6,400 6,400 5,630 4,860 3,870 3,240 3,240 3,240 2,530 2,530 1,760 1,760 1,260
現行 11,510 11,510 11,510 11,430 11,430 11,430 11,430 10,870 10,870 10,870 10,330 10,330 9,500 9,500 9,500 9,220 8,780 8,780 8,780 8,780 8,780 8,440 8,440 7,990 7,990 7,990 7,990 7,270 7,270 6,400 6,400 6,400 5,630 4,860 3,870 3,870 3,870 3,240 3,240 3,240 2,530 1,760 1,260 1,260
川内 川内
改定 11,510 11,510 11,510 11,430 11,430 11,430 11,430 10,870 10,870 10,870 10,330 10,330 9,500 9,500 9,500 9,220 8,780 8,780 8,780 8,780 8,780 8,440 8,440 7,990 7,990 7,990 7,990 7,270 7,270 6,400 6,400 6,400 5,630 4,860 3,870 3,870 3,870 3,240 3,240 3,240 2,530 1,760 1,260 1,260
現行 12,140 12,140 12,140 12,060 12,060 12,060 12,060 11,500 11,500 11,500 10,960 10,960 10,130 10,130 10,130 9,850 9,410 9,410 9,410 9,410 9,410 9,070 9,070 8,620 8,620 8,620 8,620 7,900 7,900 7,030 7,030 7,030 6,260 5,490 4,500 4,500 4,500 3,870 3,870 3,240 3,240 2,530 1,760 1,760 870
鹿児島中央
鹿児島中央
改定 12,140 12,140 12,140 12,060 12,060 12,060 12,060 11,500 11,500 11,500 10,960 10,960 10,130 10,130 10,130 9,850 9,410 9,410 9,410 9,410 9,410 9,070 9,070 8,620 8,620 8,620 8,620 7,900 7,900 7,030 7,030 7,030 6,260 5,490 4,500 4,500 4,500 3,870 3,870 3,240 3,240 2,530 1,760 1,760 870
※ご乗車には、別途「e特急券」の区間を含む乗車券が必要です。
※上記の改定額は予定です。今後変更となる可能性がございます。
新下関
博多
出水
=== page 30
品川
三島
浜松
名古屋
新大阪
1-6 e特急券 発売額（単位:円）
■自由席用:こども1名片道
東京
現行 430
品川
改定 430
現行 430 430
新横浜
新横浜
改定 430 430
現行 880 880 490
小田原
小田原
改定 880 880 490
現行 880 880 880 430
熱海
熱海
改定 880 880 880 430
現行 880 880 880 880 430
三島
改定 880 880 880 880 430
現行 1,260 1,260 1,260 880 880 430
新富士
新富士
改定 1,260 1,260 1,260 880 880 430
現行 1,260 1,260 1,260 880 880 490 430
静岡
静岡
改定 1,260 1,260 1,260 880 880 490 430
現行 1,700 1,700 1,700 1,260 1,260 1,260 880 430
掛川
掛川
改定 1,680 1,680 1,680 1,260 1,260 1,260 880 430
現行 1,700 1,700 1,700 1,260 1,260 1,260 1,260 490 430
浜松
改定 1,680 1,680 1,680 1,260 1,260 1,260 1,260 490 430
現行 1,700 1,700 1,700 1,700 1,260 1,260 1,260 1,260 880 430
豊橋
豊橋
改定 1,700 1,700 1,700 1,700 1,260 1,260 1,260 1,260 880 430
現行 2,060 2,060 2,060 1,700 1,700 1,700 1,260 1,260 1,260 880 430
三河安城
三河安城
改定 2,040 2,040 2,040 1,700 1,700 1,700 1,260 1,260 1,260 880 430
現行 2,060 2,060 2,060 1,700 1,700 1,700 1,700 1,260 1,260 1,260 490 430
名古屋
改定 2,040 2,040 2,040 1,700 1,700 1,700 1,680 1,260 1,260 1,260 490 430
現行 2,060 2,060 2,060 2,060 1,700 1,700 1,700 1,700 1,260 1,260 1,260 880 430
岐阜羽島
岐阜羽島
改定 2,060 2,060 2,060 2,060 1,700 1,700 1,700 1,700 1,260 1,260 1,260 880 430
現行 2,070 2,070 2,070 2,060 2,060 2,060 1,700 1,700 1,700 1,260 1,260 1,260 880 430
米原
米原
改定 2,070 2,070 2,070 2,060 2,060 2,060 1,700 1,700 1,700 1,260 1,260 1,260 880 430
現行 2,450 2,450 2,280 2,280 2,280 2,060 2,060 2,060 1,700 1,700 1,700 1,260 1,130 1,130 490
京都
京都
改定 2,400 2,400 2,250 2,250 2,250 2,060 2,040 2,040 1,700 1,680 1,680 1,260 1,130 1,130 490
現行 2,450 2,450 2,450 2,280 2,280 2,280 2,280 2,060 2,060 1,700 1,700 1,700 1,130 1,130 1,130 430
新大阪
改定 2,400 2,400 2,400 2,250 2,250 2,250 2,250 2,040 2,040 1,680 1,680 1,680 1,130 1,130 1,130 430
現行 2,450 2,450 2,450 2,450 2,280 2,280 2,280 2,100 2,060 2,000 1,700 1,700 1,500 1,260 1,260 880 430
新神戸
新神戸
改定 2,450 2,450 2,450 2,450 2,280 2,280 2,280 2,100 2,060 2,000 1,700 1,700 1,500 1,260 1,260 880 430
現行 2,550 2,550 2,450 2,450 2,450 2,280 2,280 2,100 2,060 2,000 2,000 1,700 1,500 1,500 1,260 880 880 430
西明石
西明石
改定 2,550 2,550 2,450 2,450 2,450 2,280 2,280 2,100 2,060 2,000 2,000 1,700 1,500 1,500 1,260 880 880 430
現行 2,590 2,590 2,590 2,450 2,450 2,450 2,280 2,100 2,100 2,000 2,000 2,000 1,560 1,560 1,260 1,260 880 880 430
姫路
姫路
改定 2,590 2,590 2,590 2,450 2,450 2,450 2,280 2,100 2,100 2,000 2,000 2,000 1,560 1,560 1,260 1,260 880 880 430
現行 2,590 2,590 2,590 2,450 2,450 2,450 2,450 2,100 2,100 2,000 2,000 2,000 1,700 1,700 1,700 1,260 1,260 880 880 430
相生
相生
改定 2,590 2,590 2,590 2,450 2,450 2,450 2,450 2,100 2,100 2,000 2,000 2,000 1,700 1,700 1,700 1,260 1,260 880 880 430
現行 2,810 2,810 2,810 2,670 2,670 2,670 2,450 2,100 2,100 2,000 2,000 2,000 2,000 2,000 1,700 1,700 1,260 1,260 1,260 880 490
岡山
岡山
改定 2,810 2,810 2,810 2,670 2,670 2,670 2,450 2,100 2,100 2,000 2,000 2,000 2,000 2,000 1,700 1,680 1,260 1,260 1,260 880 490
現行 2,810 2,810 2,810 2,670 2,670 2,670 2,670 2,450 2,450 2,260 2,260 2,260 2,060 2,060 2,060 1,700 1,700 1,260 1,260 1,260 880 430
新倉敷
新倉敷
改定 2,810 2,810 2,810 2,670 2,670 2,670 2,670 2,450 2,450 2,260 2,260 2,260 2,060 2,060 2,060 1,680 1,680 1,260 1,260 1,260 880 430
現行 2,810 2,810 2,810 2,810 2,670 2,670 2,670 2,490 2,450 2,260 2,260 2,260 2,260 2,060 2,060 1,700 1,700 1,700 1,260 1,260 1,260 880 430
福山
福山
改定 2,810 2,810 2,810 2,810 2,670 2,670 2,670 2,490 2,450 2,260 2,260 2,260 2,260 2,060 2,060 1,700 1,700 1,700 1,260 1,260 1,260 880 430
現行 3,050 3,050 2,940 2,940 2,940 2,670 2,670 2,490 2,450 2,260 2,260 2,260 2,260 2,260 2,060 1,700 1,700 1,700 1,260 1,260 1,260 880 880 430
新尾道
新尾道
改定 3,050 3,050 2,940 2,940 2,940 2,670 2,670 2,490 2,450 2,260 2,260 2,260 2,260 2,260 2,060 1,700 1,700 1,700 1,260 1,260 1,260 880 880 430
現行 3,050 3,050 2,940 2,940 2,940 2,940 2,670 2,490 2,450 2,260 2,260 2,260 2,260 2,260 2,060 1,890 1,700 1,700 1,700 1,260 1,260 880 880 430 430
三原
三原
改定 3,050 3,050 2,940 2,940 2,940 2,940 2,670 2,490 2,450 2,260 2,260 2,260 2,260 2,260 2,060 1,860 1,700 1,700 1,700 1,260 1,260 880 880 430 430
現行 3,050 3,050 3,050 2,940 2,940 2,940 2,940 2,490 2,490 2,260 2,260 2,260 2,260 2,260 2,260 2,080 2,060 1,700 1,700 1,700 1,260 1,260 1,260 880 880 430
東広島
東広島
改定 3,050 3,050 3,050 2,940 2,940 2,940 2,940 2,490 2,490 2,260 2,260 2,260 2,260 2,260 2,260 2,060 2,010 1,700 1,700 1,700 1,260 1,260 1,260 880 880 430
現行 3,050 3,050 3,050 3,050 2,940 2,940 2,940 2,490 2,490 2,260 2,260 2,260 2,260 2,260 2,260 2,080 2,060 2,060 1,700 1,700 1,700 1,260 1,260 1,260 880 490 430
広島
広島
改定 3,050 3,050 3,050 3,050 2,940 2,940 2,940 2,490 2,490 2,260 2,260 2,260 2,260 2,260 2,260 2,060 2,030 2,030 1,700 1,700 1,670 1,260 1,260 1,260 880 490 430
現行 3,340 3,340 3,330 3,230 3,230 3,230 2,940 2,940 2,940 2,670 2,670 2,450 2,330 2,330 2,280 2,280 2,060 2,060 2,060 1,700 1,700 1,700 1,260 1,260 1,260 1,260 880 430
新岩国
新岩国
改定 3,340 3,340 3,330 3,230 3,230 3,230 2,940 2,940 2,940 2,670 2,670 2,450 2,330 2,330 2,280 2,260 2,060 2,060 2,060 1,700 1,700 1,700 1,260 1,260 1,260 1,260 880 430
現行 3,340 3,340 3,330 3,230 3,230 3,230 3,230 3,230 2,940 2,940 2,670 2,670 2,330 2,330 2,330 2,310 2,280 2,060 2,060 2,060 2,060 1,700 1,700 1,260 1,260 1,260 1,260 880 430
徳山
徳山
改定 3,340 3,340 3,330 3,230 3,230 3,230 3,230 3,230 2,940 2,940 2,670 2,670 2,330 2,330 2,330 2,280 2,250 2,060 2,060 2,060 2,060 1,700 1,700 1,260 1,260 1,260 1,260 880 430
現行 3,610 3,610 3,330 3,330 3,330 3,330 3,230 3,230 2,940 2,940 2,940 2,670 2,330 2,330 2,330 2,330 2,280 2,280 2,280 2,060 2,060 1,700 1,700 1,700 1,700 1,700 1,260 1,260 880 430
新山口
新山口
改定 3,610 3,610 3,330 3,330 3,330 3,330 3,230 3,230 2,940 2,940 2,940 2,670 2,330 2,330 2,330 2,300 2,280 2,280 2,280 2,060 2,060 1,700 1,700 1,700 1,700 1,700 1,260 1,260 880 430
現行 3,780 3,780 3,580 3,500 3,500 3,500 3,500 3,230 3,230 3,230 2,940 2,940 2,570 2,570 2,570 2,480 2,450 2,280 2,280 2,280 2,060 2,060 2,060 1,700 1,700 1,700 1,260 1,260 1,260 880 430
厚狭
厚狭
改定 3,780 3,780 3,580 3,500 3,500 3,500 3,500 3,230 3,230 3,230 2,940 2,940 2,570 2,570 2,570 2,450 2,400 2,280 2,280 2,280 2,060 2,060 2,060 1,700 1,700 1,700 1,260 1,260 1,260 880 430
現行 3,780 3,780 3,580 3,580 3,500 3,500 3,500 3,500 3,230 3,230 2,940 2,940 2,570 2,570 2,570 2,480 2,450 2,280 2,280 2,280 2,280 2,060 2,060 1,700 1,700 1,700 1,700 1,260 1,260 1,260 490 430
新下関
改定 3,780 3,780 3,580 3,580 3,500 3,500 3,500 3,500 3,230 3,230 2,940 2,940 2,570 2,570 2,570 2,450 2,400 2,280 2,280 2,280 2,280 2,060 2,060 1,700 1,700 1,700 1,700 1,260 1,260 1,260 490 430
現行 3,820 3,820 3,580 3,580 3,580 3,500 3,500 3,500 3,230 3,230 3,230 2,940 2,570 2,570 2,570 2,480 2,450 2,450 2,280 2,280 2,280 2,060 2,060 2,060 1,700 1,700 1,700 1,700 1,260 1,260 880 880 430
小倉
小倉
改定 3,820 3,820 3,580 3,580 3,580 3,500 3,500 3,500 3,230 3,230 3,230 2,940 2,570 2,570 2,570 2,480 2,450 2,450 2,280 2,280 2,280 2,060 2,060 2,060 1,700 1,700 1,700 1,680 1,260 1,260 880 880 430
現行 3,820 3,820 3,820 3,780 3,780 3,780 3,780 3,500 3,500 3,500 3,230 3,230 2,810 2,810 2,810 2,670 2,450 2,450 2,450 2,450 2,450 2,280 2,280 2,060 2,060 2,060 2,060 1,700 1,700 1,260 1,260 1,260 880 490
博多
改定 3,820 3,820 3,820 3,780 3,780 3,780 3,780 3,500 3,500 3,500 3,230 3,230 2,810 2,810 2,810 2,670 2,450 2,450 2,450 2,450 2,450 2,280 2,280 2,060 2,060 2,060 2,060 1,700 1,700 1,260 1,260 1,260 880 490
現行 4,250 4,250 4,250 4,210 4,210 4,210 4,210 3,930 3,930 3,930 3,660 3,660 3,240 3,240 3,240 3,100 2,890 2,890 2,890 2,890 2,890 2,720 2,720 2,490 2,490 2,490 2,490 2,130 2,130 1,690 1,690 1,690 1,310 920 430
新鳥栖 新鳥栖
改定 4,250 4,250 4,250 4,210 4,210 4,210 4,210 3,930 3,930 3,930 3,660 3,660 3,240 3,240 3,240 3,100 2,890 2,890 2,890 2,890 2,890 2,720 2,720 2,490 2,490 2,490 2,490 2,130 2,130 1,690 1,690 1,690 1,310 920 430
現行 4,250 4,250 4,250 4,210 4,210 4,210 4,210 3,930 3,930 3,930 3,660 3,660 3,240 3,240 3,240 3,100 2,890 2,890 2,890 2,890 2,890 2,720 2,720 2,490 2,490 2,490 2,490 2,130 2,130 1,690 1,690 1,690 1,310 920 430 430
久留米 久留米
改定 4,250 4,250 4,250 4,210 4,210 4,210 4,210 3,930 3,930 3,930 3,660 3,660 3,240 3,240 3,240 3,100 2,890 2,890 2,890 2,890 2,890 2,720 2,720 2,490 2,490 2,490 2,490 2,130 2,130 1,690 1,690 1,690 1,310 920 430 430
現行 4,450 4,450 4,450 4,410 4,410 4,410 4,410 4,130 4,130 4,130 3,860 3,860 3,440 3,440 3,440 3,300 3,080 3,080 3,080 3,080 3,080 2,910 2,910 2,690 2,690 2,690 2,690 2,330 2,330 1,890 1,890 1,890 1,510 1,120 630 630 430
筑後船小屋
筑後船小屋
現行 4,700 4,700 4,700 4,660 4,660 4,660 4,660 4,380 4,380 4,380 4,110 4,110 3,690 3,690 3,690 3,550 3,330 3,330 3,330 3,330 3,330 3,160 3,160 2,940 2,940 2,940 2,940 2,580 2,580 2,140 2,140 2,140 1,760 1,370 880 630 630 430
新大牟田 新大牟田
改定 4,700 4,700 4,700 4,660 4,660 4,660 4,660 4,380 4,380 4,380 4,110 4,110 3,690 3,690 3,690 3,550 3,330 3,330 3,330 3,330 3,330 3,160 3,160 2,940 2,940 2,940 2,940 2,580 2,580 2,140 2,140 2,140 1,760 1,370 880 630 630 430
現行 4,700 4,700 4,700 4,660 4,660 4,660 4,660 4,380 4,380 4,380 4,110 4,110 3,690 3,690 3,690 3,550 3,330 3,330 3,330 3,330 3,330 3,160 3,160 2,940 2,940 2,940 2,940 2,580 2,580 2,140 2,140 2,140 1,760 1,370 880 880 880 630 430
新玉名 新玉名
改定 4,700 4,700 4,700 4,660 4,660 4,660 4,660 4,380 4,380 4,380 4,110 4,110 3,690 3,690 3,690 3,550 3,330 3,330 3,330 3,330 3,330 3,160 3,160 2,940 2,940 2,940 2,940 2,580 2,580 2,140 2,140 2,140 1,760 1,370 880 880 880 630 430
現行 5,080 5,080 5,080 5,040 5,040 5,040 5,040 4,760 4,760 4,760 4,490 4,490 4,070 4,070 4,070 3,930 3,720 3,720 3,720 3,720 3,720 3,550 3,550 3,320 3,320 3,320 3,320 2,960 2,960 2,520 2,520 2,520 2,140 1,750 1,260 880 880 880 630 430
熊本 熊本
改定 5,080 5,080 5,080 5,040 5,040 5,040 5,040 4,760 4,760 4,760 4,490 4,490 4,070 4,070 4,070 3,930 3,720 3,720 3,720 3,720 3,720 3,550 3,550 3,320 3,320 3,320 3,320 2,960 2,960 2,520 2,520 2,520 2,140 1,750 1,260 880 880 880 630 430
現行 5,080 5,080 5,080 5,040 5,040 5,040 5,040 4,760 4,760 4,760 4,490 4,490 4,070 4,070 4,070 3,930 3,720 3,720 3,720 3,720 3,720 3,550 3,550 3,320 3,320 3,320 3,320 2,960 2,960 2,520 2,520 2,520 2,140 1,750 1,260 1,260 1,260 880 880 880 430
新八代 新八代
改定 5,080 5,080 5,080 5,040 5,040 5,040 5,040 4,760 4,760 4,760 4,490 4,490 4,070 4,070 4,070 3,930 3,720 3,720 3,720 3,720 3,720 3,550 3,550 3,320 3,320 3,320 3,320 2,960 2,960 2,520 2,520 2,520 2,140 1,750 1,260 1,260 1,260 880 880 880 430
現行 5,440 5,440 5,440 5,400 5,400 5,400 5,400 5,120 5,120 5,120 4,850 4,850 4,430 4,430 4,430 4,290 4,070 4,070 4,070 4,070 4,070 3,900 3,900 3,680 3,680 3,680 3,680 3,320 3,320 2,880 2,880 2,880 2,500 2,110 1,620 1,620 1,620 1,260 1,260 1,260 880 630
新水俣 新水俣
改定 5,440 5,440 5,440 5,400 5,400 5,400 5,400 5,120 5,120 5,120 4,850 4,850 4,430 4,430 4,430 4,290 4,070 4,070 4,070 4,070 4,070 3,900 3,900 3,680 3,680 3,680 3,680 3,320 3,320 2,880 2,880 2,880 2,500 2,110 1,620 1,620 1,620 1,260 1,260 1,260 880 630
現行 5,750 5,750 5,750 5,710 5,710 5,710 5,710 5,430 5,430 5,430 5,160 5,160 4,740 4,740 4,740 4,600 4,390 4,390 4,390 4,390 4,390 4,220 4,220 3,990 3,990 3,990 3,990 3,630 3,630 3,190 3,190 3,190 2,810 2,420 1,930 1,620 1,620 1,620 1,260 1,260 880 880 630
出水 出水
改定 5,750 5,750 5,750 5,710 5,710 5,710 5,710 5,430 5,430 5,430 5,160 5,160 4,740 4,740 4,740 4,600 4,390 4,390 4,390 4,390 4,390 4,220 4,220 3,990 3,990 3,990 3,990 3,630 3,630 3,190 3,190 3,190 2,810 2,420 1,930 1,620 1,620 1,620 1,260 1,260 880 880 630
現行 5,750 5,750 5,750 5,710 5,710 5,710 5,710 5,430 5,430 5,430 5,160 5,160 4,740 4,740 4,740 4,600 4,390 4,390 4,390 4,390 4,390 4,220 4,220 3,990 3,990 3,990 3,990 3,630 3,630 3,190 3,190 3,190 2,810 2,420 1,930 1,930 1,930 1,620 1,620 1,620 1,260 880 630 630
川内 川内
改定 5,750 5,750 5,750 5,710 5,710 5,710 5,710 5,430 5,430 5,430 5,160 5,160 4,740 4,740 4,740 4,600 4,390 4,390 4,390 4,390 4,390 4,220 4,220 3,990 3,990 3,990 3,990 3,630 3,630 3,190 3,190 3,190 2,810 2,420 1,930 1,930 1,930 1,620 1,620 1,620 1,260 880 630 630
現行 6,070 6,070 6,070 6,030 6,030 6,030 6,030 5,750 5,750 5,750 5,480 5,480 5,060 5,060 5,060 4,920 4,700 4,700 4,700 4,700 4,700 4,530 4,530 4,310 4,310 4,310 4,310 3,950 3,950 3,510 3,510 3,510 3,130 2,740 2,250 2,250 2,250 1,930 1,930 1,620 1,620 1,260 880 880 430
鹿児島中央 鹿児島中央
改定 6,070 6,070 6,070 6,030 6,030 6,030 6,030 5,750 5,750 5,750 5,480 5,480 5,060 5,060 5,060 4,920 4,700 4,700 4,700 4,700 4,700 4,530 4,530 4,310 4,310 4,310 4,310 3,950 3,950 3,510 3,510 3,510 3,130 2,740 2,250 2,250 2,250 1,930 1,930 1,620 1,620 1,260 880 880 430
※ご乗車には、別途「e特急券」の区間を含む乗車券が必要です。
※上記の改定額は予定です。今後変更となる可能性がございます。
新下関
博多
改定 4,450 4,450 4,450 4,410 4,410 4,410 4,410 4,130 4,130 4,130 3,860 3,860 3,440 3,440 3,440 3,300 3,080 3,080 3,080 3,080 3,080 2,910 2,910 2,690 2,690 2,690 2,690 2,330 2,330 1,890 1,890 1,890 1,510 1,120 630 630 430
=== page 31
1-7 「のぞみ」「みずほ」の普通車指定席及びグリーン車をご利用の際の加算額（単位:円）
東京
姫路 品川 210 品川
新横浜 210 210 新横浜
名古屋 210 210 210 名古屋
京都 320 320 320 210 京都
新大阪 320 320 320 210 210 新大阪
新神戸 540 540 540 430 430 320 新神戸
西明石 640 640 640 530 430 320 320 西明石
640 640 640 530 430 320 320 姫路
岡山 640 640 640 530 430 320 320 320 320 岡山
福山 850 850 850 740 640 530 530 320 320 福山
広島 850 850 850 740 640 530 530 530 320 320 広島
徳山 1,060 1,060 1,060 950 850 740 530 530 530 320 320 徳山
新山口 1,060 1,060 1,060 950 850 740 740 530 530 530 320 320 新山口
小倉 1,060 1,060 1,060 950 850 740 740 740 530 530 530 320 320 小倉
博多 1,060 1,060 1,060 950 850 740 740 740 740 530 530 320 320 320 ※東海道・山陽新幹線の「のぞみ」「みずほ」の乗車区間に対する上記の加算額を、全区間に対する「ひかり」「さくら」「こだま」「つばめ」の普通車指定席及びグリーン車の発売額に加算します。
※上記の加算額は、乗継駅で新幹線の改札口を出ない場合に限ります。
博多
